2026-03-16 13:19:47,847 - AUDIT - {"timestamp": "2026-03-16T13:19:47.847651", "action": "START_user_registration", "user_id": null, "details": {}, "ip_address": null}
2026-03-16 13:19:47,850 - AUDIT - {"timestamp": "2026-03-16T13:19:47.850133", "action": "FAILED_user_registration", "user_id": null, "details": {"error": "Encountered unknown tag 'endblock'."}, "ip_address": null}
2026-03-16 13:21:24,745 - AUDIT - {"timestamp": "2026-03-16T13:21:24.745930", "action": "START_user_registration", "user_id": null, "details": {}, "ip_address": null}
2026-03-16 13:21:24,745 - AUDIT - {"timestamp": "2026-03-16T13:21:24.745930", "action": "START_user_registration", "user_id": null, "details": {}, "ip_address": null}
2026-03-16 13:21:24,748 - AUDIT - {"timestamp": "2026-03-16T13:21:24.748855", "action": "FAILED_user_registration", "user_id": null, "details": {"error": "Encountered unknown tag 'endblock'."}, "ip_address": null}
2026-03-16 13:21:24,748 - AUDIT - {"timestamp": "2026-03-16T13:21:24.748855", "action": "FAILED_user_registration", "user_id": null, "details": {"error": "Encountered unknown tag 'endblock'."}, "ip_address": null}
2026-03-16 13:22:30,260 - AUDIT - {"timestamp": "2026-03-16T13:22:30.260047", "action": "START_user_registration", "user_id": null, "details": {}, "ip_address": null}
2026-03-16 13:22:30,264 - AUDIT - {"timestamp": "2026-03-16T13:22:30.264862", "action": "SUCCESS_user_registration", "user_id": null, "details": {}, "ip_address": null}
2026-03-16 13:23:38,339 - AUDIT - {"timestamp": "2026-03-16T13:23:38.339339", "action": "START_user_registration", "user_id": null, "details": {}, "ip_address": null}
2026-03-16 13:23:38,339 - AUDIT - {"timestamp": "2026-03-16T13:23:38.339339", "action": "START_user_registration", "user_id": null, "details": {}, "ip_address": null}
2026-03-16 13:23:38,339 - AUDIT - {"timestamp": "2026-03-16T13:23:38.339685", "action": "SUCCESS_user_registration", "user_id": null, "details": {}, "ip_address": null}
2026-03-16 13:23:38,339 - AUDIT - {"timestamp": "2026-03-16T13:23:38.339685", "action": "SUCCESS_user_registration", "user_id": null, "details": {}, "ip_address": null}
2026-03-16 13:23:38,911 - AUDIT - {"timestamp": "2026-03-16T13:23:38.911456", "action": "START_publish_product", "user_id": 1, "details": {}, "ip_address": null}
2026-03-16 13:23:38,911 - AUDIT - {"timestamp": "2026-03-16T13:23:38.911456", "action": "START_publish_product", "user_id": 1, "details": {}, "ip_address": null}
2026-03-16 13:23:38,911 - AUDIT - {"timestamp": "2026-03-16T13:23:38.911456", "action": "START_publish_product", "user_id": 1, "details": {}, "ip_address": null}
2026-03-16 13:23:38,915 - AUDIT - {"timestamp": "2026-03-16T13:23:38.915770", "action": "SUCCESS_publish_product", "user_id": 1, "details": {}, "ip_address": null}
2026-03-16 13:23:38,915 - AUDIT - {"timestamp": "2026-03-16T13:23:38.915770", "action": "SUCCESS_publish_product", "user_id": 1, "details": {}, "ip_address": null}
2026-03-16 13:23:38,915 - AUDIT - {"timestamp": "2026-03-16T13:23:38.915770", "action": "SUCCESS_publish_product", "user_id": 1, "details": {}, "ip_address": null}
2026-03-16 13:23:38,971 - AUDIT - {"timestamp": "2026-03-16T13:23:38.971310", "action": "START_ADMIN_PANEL_ACCESS", "user_id": 1, "details": {}, "ip_address": null}
2026-03-16 13:23:38,971 - AUDIT - {"timestamp": "2026-03-16T13:23:38.971310", "action": "START_ADMIN_PANEL_ACCESS", "user_id": 1, "details": {}, "ip_address": null}
2026-03-16 13:23:38,971 - AUDIT - {"timestamp": "2026-03-16T13:23:38.971310", "action": "START_ADMIN_PANEL_ACCESS", "user_id": 1, "details": {}, "ip_address": null}
2026-03-16 13:23:38,971 - AUDIT - {"timestamp": "2026-03-16T13:23:38.971310", "action": "START_ADMIN_PANEL_ACCESS", "user_id": 1, "details": {}, "ip_address": null}
2026-03-16 13:23:38,972 - AUDIT - {"timestamp": "2026-03-16T13:23:38.972965", "action": "FAILED_ADMIN_PANEL_ACCESS", "user_id": 1, "details": {"error": "'Database' object has no attribute 'logger'"}, "ip_address": null}
2026-03-16 13:23:38,972 - AUDIT - {"timestamp": "2026-03-16T13:23:38.972965", "action": "FAILED_ADMIN_PANEL_ACCESS", "user_id": 1, "details": {"error": "'Database' object has no attribute 'logger'"}, "ip_address": null}
2026-03-16 13:23:38,972 - AUDIT - {"timestamp": "2026-03-16T13:23:38.972965", "action": "FAILED_ADMIN_PANEL_ACCESS", "user_id": 1, "details": {"error": "'Database' object has no attribute 'logger'"}, "ip_address": null}
2026-03-16 13:23:38,972 - AUDIT - {"timestamp": "2026-03-16T13:23:38.972965", "action": "FAILED_ADMIN_PANEL_ACCESS", "user_id": 1, "details": {"error": "'Database' object has no attribute 'logger'"}, "ip_address": null}
2026-03-16 13:25:04,995 - AUDIT - {"timestamp": "2026-03-16T13:25:04.995384", "action": "START_user_registration", "user_id": null, "details": {}, "ip_address": null}
2026-03-16 13:25:04,995 - AUDIT - {"timestamp": "2026-03-16T13:25:04.995384", "action": "START_user_registration", "user_id": null, "details": {}, "ip_address": null}
2026-03-16 13:25:05,000 - AUDIT - {"timestamp": "2026-03-16T13:25:05.000206", "action": "SUCCESS_user_registration", "user_id": null, "details": {}, "ip_address": null}
2026-03-16 13:25:05,000 - AUDIT - {"timestamp": "2026-03-16T13:25:05.000206", "action": "SUCCESS_user_registration", "user_id": null, "details": {}, "ip_address": null}
2026-03-16 13:25:05,304 - AUDIT - {"timestamp": "2026-03-16T13:25:05.303969", "action": "LOGIN_SUCCESS", "user_id": 1, "details": {"ip": "127.0.0.1", "user_agent": "curl/8.14.1"}, "ip_address": null}
2026-03-16 13:25:05,304 - AUDIT - {"timestamp": "2026-03-16T13:25:05.303969", "action": "LOGIN_SUCCESS", "user_id": 1, "details": {"ip": "127.0.0.1", "user_agent": "curl/8.14.1"}, "ip_address": null}
2026-03-16 13:25:05,666 - AUDIT - {"timestamp": "2026-03-16T13:25:05.666438", "action": "START_publish_product", "user_id": 1, "details": {}, "ip_address": null}
2026-03-16 13:25:05,666 - AUDIT - {"timestamp": "2026-03-16T13:25:05.666438", "action": "START_publish_product", "user_id": 1, "details": {}, "ip_address": null}
2026-03-16 13:25:05,666 - AUDIT - {"timestamp": "2026-03-16T13:25:05.666438", "action": "START_publish_product", "user_id": 1, "details": {}, "ip_address": null}
2026-03-16 13:25:05,673 - AUDIT - {"timestamp": "2026-03-16T13:25:05.673108", "action": "SUCCESS_publish_product", "user_id": 1, "details": {}, "ip_address": null}
2026-03-16 13:25:05,673 - AUDIT - {"timestamp": "2026-03-16T13:25:05.673108", "action": "SUCCESS_publish_product", "user_id": 1, "details": {}, "ip_address": null}
2026-03-16 13:25:05,673 - AUDIT - {"timestamp": "2026-03-16T13:25:05.673108", "action": "SUCCESS_publish_product", "user_id": 1, "details": {}, "ip_address": null}
2026-03-16 13:25:05,738 - AUDIT - {"timestamp": "2026-03-16T13:25:05.738656", "action": "START_ADMIN_PANEL_ACCESS", "user_id": 1, "details": {}, "ip_address": null}
2026-03-16 13:25:05,738 - AUDIT - {"timestamp": "2026-03-16T13:25:05.738656", "action": "START_ADMIN_PANEL_ACCESS", "user_id": 1, "details": {}, "ip_address": null}
2026-03-16 13:25:05,738 - AUDIT - {"timestamp": "2026-03-16T13:25:05.738656", "action": "START_ADMIN_PANEL_ACCESS", "user_id": 1, "details": {}, "ip_address": null}
2026-03-16 13:25:05,738 - AUDIT - {"timestamp": "2026-03-16T13:25:05.738656", "action": "START_ADMIN_PANEL_ACCESS", "user_id": 1, "details": {}, "ip_address": null}
2026-03-16 13:25:05,799 - AUDIT - {"timestamp": "2026-03-16T13:25:05.799108", "action": "SUCCESS_ADMIN_PANEL_ACCESS", "user_id": 1, "details": {}, "ip_address": null}
2026-03-16 13:25:05,799 - AUDIT - {"timestamp": "2026-03-16T13:25:05.799108", "action": "SUCCESS_ADMIN_PANEL_ACCESS", "user_id": 1, "details": {}, "ip_address": null}
2026-03-16 13:25:05,799 - AUDIT - {"timestamp": "2026-03-16T13:25:05.799108", "action": "SUCCESS_ADMIN_PANEL_ACCESS", "user_id": 1, "details": {}, "ip_address": null}
2026-03-16 13:25:05,799 - AUDIT - {"timestamp": "2026-03-16T13:25:05.799108", "action": "SUCCESS_ADMIN_PANEL_ACCESS", "user_id": 1, "details": {}, "ip_address": null}
2026-03-16 13:26:13,398 - AUDIT - {"timestamp": "2026-03-16T13:26:13.398512", "action": "START_user_registration", "user_id": null, "details": {}, "ip_address": null}
2026-03-16 13:26:13,398 - AUDIT - {"timestamp": "2026-03-16T13:26:13.398512", "action": "START_user_registration", "user_id": null, "details": {}, "ip_address": null}
2026-03-16 13:26:13,402 - AUDIT - {"timestamp": "2026-03-16T13:26:13.402703", "action": "SUCCESS_user_registration", "user_id": null, "details": {}, "ip_address": null}
2026-03-16 13:26:13,402 - AUDIT - {"timestamp": "2026-03-16T13:26:13.402703", "action": "SUCCESS_user_registration", "user_id": null, "details": {}, "ip_address": null}
2026-03-16 13:26:13,667 - AUDIT - {"timestamp": "2026-03-16T13:26:13.667778", "action": "LOGIN_SUCCESS", "user_id": 1, "details": {"ip": "127.0.0.1", "user_agent": "curl/8.14.1"}, "ip_address": null}
2026-03-16 13:26:13,667 - AUDIT - {"timestamp": "2026-03-16T13:26:13.667778", "action": "LOGIN_SUCCESS", "user_id": 1, "details": {"ip": "127.0.0.1", "user_agent": "curl/8.14.1"}, "ip_address": null}
2026-03-16 13:26:13,917 - AUDIT - {"timestamp": "2026-03-16T13:26:13.917586", "action": "START_publish_product", "user_id": 1, "details": {}, "ip_address": null}
2026-03-16 13:26:13,917 - AUDIT - {"timestamp": "2026-03-16T13:26:13.917586", "action": "START_publish_product", "user_id": 1, "details": {}, "ip_address": null}
2026-03-16 13:26:13,917 - AUDIT - {"timestamp": "2026-03-16T13:26:13.917586", "action": "START_publish_product", "user_id": 1, "details": {}, "ip_address": null}
2026-03-16 13:26:13,921 - AUDIT - {"timestamp": "2026-03-16T13:26:13.921756", "action": "SUCCESS_publish_product", "user_id": 1, "details": {}, "ip_address": null}
2026-03-16 13:26:13,921 - AUDIT - {"timestamp": "2026-03-16T13:26:13.921756", "action": "SUCCESS_publish_product", "user_id": 1, "details": {}, "ip_address": null}
2026-03-16 13:26:13,921 - AUDIT - {"timestamp": "2026-03-16T13:26:13.921756", "action": "SUCCESS_publish_product", "user_id": 1, "details": {}, "ip_address": null}
2026-03-16 13:26:13,977 - AUDIT - {"timestamp": "2026-03-16T13:26:13.977677", "action": "START_ADMIN_PANEL_ACCESS", "user_id": 1, "details": {}, "ip_address": null}
2026-03-16 13:26:13,977 - AUDIT - {"timestamp": "2026-03-16T13:26:13.977677", "action": "START_ADMIN_PANEL_ACCESS", "user_id": 1, "details": {}, "ip_address": null}
2026-03-16 13:26:13,977 - AUDIT - {"timestamp": "2026-03-16T13:26:13.977677", "action": "START_ADMIN_PANEL_ACCESS", "user_id": 1, "details": {}, "ip_address": null}
2026-03-16 13:26:13,977 - AUDIT - {"timestamp": "2026-03-16T13:26:13.977677", "action": "START_ADMIN_PANEL_ACCESS", "user_id": 1, "details": {}, "ip_address": null}
2026-03-16 13:26:14,040 - AUDIT - {"timestamp": "2026-03-16T13:26:14.040488", "action": "SUCCESS_ADMIN_PANEL_ACCESS", "user_id": 1, "details": {}, "ip_address": null}
2026-03-16 13:26:14,040 - AUDIT - {"timestamp": "2026-03-16T13:26:14.040488", "action": "SUCCESS_ADMIN_PANEL_ACCESS", "user_id": 1, "details": {}, "ip_address": null}
2026-03-16 13:26:14,040 - AUDIT - {"timestamp": "2026-03-16T13:26:14.040488", "action": "SUCCESS_ADMIN_PANEL_ACCESS", "user_id": 1, "details": {}, "ip_address": null}
2026-03-16 13:26:14,040 - AUDIT - {"timestamp": "2026-03-16T13:26:14.040488", "action": "SUCCESS_ADMIN_PANEL_ACCESS", "user_id": 1, "details": {}, "ip_address": null}
2026-03-16 13:26:40,371 - AUDIT - {"timestamp": "2026-03-16T13:26:40.371183", "action": "START_user_registration", "user_id": null, "details": {}, "ip_address": null}
2026-03-16 13:26:40,371 - AUDIT - {"timestamp": "2026-03-16T13:26:40.371183", "action": "START_user_registration", "user_id": null, "details": {}, "ip_address": null}
2026-03-16 13:26:40,371 - AUDIT - {"timestamp": "2026-03-16T13:26:40.371183", "action": "START_user_registration", "user_id": null, "details": {}, "ip_address": null}
2026-03-16 13:26:40,371 - AUDIT - {"timestamp": "2026-03-16T13:26:40.371183", "action": "START_user_registration", "user_id": null, "details": {}, "ip_address": null}
2026-03-16 13:26:40,371 - AUDIT - {"timestamp": "2026-03-16T13:26:40.371183", "action": "START_user_registration", "user_id": null, "details": {}, "ip_address": null}
2026-03-16 13:26:40,371 - AUDIT - {"timestamp": "2026-03-16T13:26:40.371534", "action": "SUCCESS_user_registration", "user_id": null, "details": {}, "ip_address": null}
2026-03-16 13:26:40,371 - AUDIT - {"timestamp": "2026-03-16T13:26:40.371534", "action": "SUCCESS_user_registration", "user_id": null, "details": {}, "ip_address": null}
2026-03-16 13:26:40,371 - AUDIT - {"timestamp": "2026-03-16T13:26:40.371534", "action": "SUCCESS_user_registration", "user_id": null, "details": {}, "ip_address": null}
2026-03-16 13:26:40,371 - AUDIT - {"timestamp": "2026-03-16T13:26:40.371534", "action": "SUCCESS_user_registration", "user_id": null, "details": {}, "ip_address": null}
2026-03-16 13:26:40,371 - AUDIT - {"timestamp": "2026-03-16T13:26:40.371534", "action": "SUCCESS_user_registration", "user_id": null, "details": {}, "ip_address": null}
2026-03-16 13:27:25,597 - AUDIT - {"timestamp": "2026-03-16T13:27:25.597494", "action": "LOGIN_SUCCESS", "user_id": 1, "details": {"ip": "127.0.0.1", "user_agent": "curl/8.14.1"}, "ip_address": null}
2026-03-16 13:27:25,852 - AUDIT - {"timestamp": "2026-03-16T13:27:25.852082", "action": "START_user_registration", "user_id": 1, "details": {}, "ip_address": null}
2026-03-16 13:27:25,852 - AUDIT - {"timestamp": "2026-03-16T13:27:25.852082", "action": "START_user_registration", "user_id": 1, "details": {}, "ip_address": null}
2026-03-16 13:27:25,856 - AUDIT - {"timestamp": "2026-03-16T13:27:25.856257", "action": "SUCCESS_user_registration", "user_id": 1, "details": {}, "ip_address": null}
2026-03-16 13:27:25,856 - AUDIT - {"timestamp": "2026-03-16T13:27:25.856257", "action": "SUCCESS_user_registration", "user_id": 1, "details": {}, "ip_address": null}
2026-03-16 13:27:26,231 - AUDIT - {"timestamp": "2026-03-16T13:27:26.231841", "action": "START_publish_product", "user_id": 1, "details": {}, "ip_address": null}
2026-03-16 13:27:26,231 - AUDIT - {"timestamp": "2026-03-16T13:27:26.231841", "action": "START_publish_product", "user_id": 1, "details": {}, "ip_address": null}
2026-03-16 13:27:26,231 - AUDIT - {"timestamp": "2026-03-16T13:27:26.231841", "action": "START_publish_product", "user_id": 1, "details": {}, "ip_address": null}
2026-03-16 13:27:26,236 - AUDIT - {"timestamp": "2026-03-16T13:27:26.236163", "action": "SUCCESS_publish_product", "user_id": 1, "details": {}, "ip_address": null}
2026-03-16 13:27:26,236 - AUDIT - {"timestamp": "2026-03-16T13:27:26.236163", "action": "SUCCESS_publish_product", "user_id": 1, "details": {}, "ip_address": null}
2026-03-16 13:27:26,236 - AUDIT - {"timestamp": "2026-03-16T13:27:26.236163", "action": "SUCCESS_publish_product", "user_id": 1, "details": {}, "ip_address": null}
2026-03-16 13:27:26,294 - AUDIT - {"timestamp": "2026-03-16T13:27:26.294104", "action": "START_ADMIN_PANEL_ACCESS", "user_id": 1, "details": {}, "ip_address": null}
2026-03-16 13:27:26,294 - AUDIT - {"timestamp": "2026-03-16T13:27:26.294104", "action": "START_ADMIN_PANEL_ACCESS", "user_id": 1, "details": {}, "ip_address": null}
2026-03-16 13:27:26,294 - AUDIT - {"timestamp": "2026-03-16T13:27:26.294104", "action": "START_ADMIN_PANEL_ACCESS", "user_id": 1, "details": {}, "ip_address": null}
2026-03-16 13:27:26,294 - AUDIT - {"timestamp": "2026-03-16T13:27:26.294104", "action": "START_ADMIN_PANEL_ACCESS", "user_id": 1, "details": {}, "ip_address": null}
2026-03-16 13:27:26,347 - AUDIT - {"timestamp": "2026-03-16T13:27:26.347850", "action": "SUCCESS_ADMIN_PANEL_ACCESS", "user_id": 1, "details": {}, "ip_address": null}
2026-03-16 13:27:26,347 - AUDIT - {"timestamp": "2026-03-16T13:27:26.347850", "action": "SUCCESS_ADMIN_PANEL_ACCESS", "user_id": 1, "details": {}, "ip_address": null}
2026-03-16 13:27:26,347 - AUDIT - {"timestamp": "2026-03-16T13:27:26.347850", "action": "SUCCESS_ADMIN_PANEL_ACCESS", "user_id": 1, "details": {}, "ip_address": null}
2026-03-16 13:27:26,347 - AUDIT - {"timestamp": "2026-03-16T13:27:26.347850", "action": "SUCCESS_ADMIN_PANEL_ACCESS", "user_id": 1, "details": {}, "ip_address": null}
2026-03-16 13:28:14,944 - AUDIT - {"timestamp": "2026-03-16T13:28:14.944614", "action": "START_ADMIN_PANEL_ACCESS", "user_id": null, "details": {}, "ip_address": null}
2026-03-16 13:28:14,944 - AUDIT - {"timestamp": "2026-03-16T13:28:14.944614", "action": "START_ADMIN_PANEL_ACCESS", "user_id": null, "details": {}, "ip_address": null}
2026-03-16 13:28:14,944 - AUDIT - {"timestamp": "2026-03-16T13:28:14.944614", "action": "START_ADMIN_PANEL_ACCESS", "user_id": null, "details": {}, "ip_address": null}
2026-03-16 13:28:14,944 - AUDIT - {"timestamp": "2026-03-16T13:28:14.944614", "action": "START_ADMIN_PANEL_ACCESS", "user_id": null, "details": {}, "ip_address": null}
2026-03-16 13:28:14,944 - AUDIT - {"timestamp": "2026-03-16T13:28:14.944614", "action": "START_ADMIN_PANEL_ACCESS", "user_id": null, "details": {}, "ip_address": null}
2026-03-16 13:28:14,950 - AUDIT - {"timestamp": "2026-03-16T13:28:14.950745", "action": "SUCCESS_ADMIN_PANEL_ACCESS", "user_id": null, "details": {}, "ip_address": null}
2026-03-16 13:28:14,950 - AUDIT - {"timestamp": "2026-03-16T13:28:14.950745", "action": "SUCCESS_ADMIN_PANEL_ACCESS", "user_id": null, "details": {}, "ip_address": null}
2026-03-16 13:28:14,950 - AUDIT - {"timestamp": "2026-03-16T13:28:14.950745", "action": "SUCCESS_ADMIN_PANEL_ACCESS", "user_id": null, "details": {}, "ip_address": null}
2026-03-16 13:28:14,950 - AUDIT - {"timestamp": "2026-03-16T13:28:14.950745", "action": "SUCCESS_ADMIN_PANEL_ACCESS", "user_id": null, "details": {}, "ip_address": null}
2026-03-16 13:28:14,950 - AUDIT - {"timestamp": "2026-03-16T13:28:14.950745", "action": "SUCCESS_ADMIN_PANEL_ACCESS", "user_id": null, "details": {}, "ip_address": null}
2026-03-16 13:29:21,105 - AUDIT - {"timestamp": "2026-03-16T13:29:21.105351", "action": "START_user_registration", "user_id": null, "details": {}, "ip_address": null}
2026-03-16 13:29:21,105 - AUDIT - {"timestamp": "2026-03-16T13:29:21.105351", "action": "START_user_registration", "user_id": null, "details": {}, "ip_address": null}
2026-03-16 13:29:21,105 - AUDIT - {"timestamp": "2026-03-16T13:29:21.105351", "action": "START_user_registration", "user_id": null, "details": {}, "ip_address": null}
2026-03-16 13:29:21,105 - AUDIT - {"timestamp": "2026-03-16T13:29:21.105351", "action": "START_user_registration", "user_id": null, "details": {}, "ip_address": null}
2026-03-16 13:29:21,105 - AUDIT - {"timestamp": "2026-03-16T13:29:21.105351", "action": "START_user_registration", "user_id": null, "details": {}, "ip_address": null}
2026-03-16 13:29:21,105 - AUDIT - {"timestamp": "2026-03-16T13:29:21.105351", "action": "START_user_registration", "user_id": null, "details": {}, "ip_address": null}
2026-03-16 13:29:21,105 - AUDIT - {"timestamp": "2026-03-16T13:29:21.105708", "action": "SUCCESS_user_registration", "user_id": null, "details": {}, "ip_address": null}
2026-03-16 13:29:21,105 - AUDIT - {"timestamp": "2026-03-16T13:29:21.105708", "action": "SUCCESS_user_registration", "user_id": null, "details": {}, "ip_address": null}
2026-03-16 13:29:21,105 - AUDIT - {"timestamp": "2026-03-16T13:29:21.105708", "action": "SUCCESS_user_registration", "user_id": null, "details": {}, "ip_address": null}
2026-03-16 13:29:21,105 - AUDIT - {"timestamp": "2026-03-16T13:29:21.105708", "action": "SUCCESS_user_registration", "user_id": null, "details": {}, "ip_address": null}
2026-03-16 13:29:21,105 - AUDIT - {"timestamp": "2026-03-16T13:29:21.105708", "action": "SUCCESS_user_registration", "user_id": null, "details": {}, "ip_address": null}
2026-03-16 13:29:21,105 - AUDIT - {"timestamp": "2026-03-16T13:29:21.105708", "action": "SUCCESS_user_registration", "user_id": null, "details": {}, "ip_address": null}
2026-03-16 13:34:38,396 - AUDIT - {"timestamp": "2026-03-16T13:34:38.396765", "action": "LOGIN_FAILED", "user_id": null, "details": {"login_field": "yayzydaguerra@gmail.com", "ip": "127.0.0.1"}, "ip_address": null}
2026-03-16 13:34:38,396 - AUDIT - {"timestamp": "2026-03-16T13:34:38.396765", "action": "LOGIN_FAILED", "user_id": null, "details": {"login_field": "yayzydaguerra@gmail.com", "ip": "127.0.0.1"}, "ip_address": null}
2026-03-16 13:34:38,396 - AUDIT - {"timestamp": "2026-03-16T13:34:38.396765", "action": "LOGIN_FAILED", "user_id": null, "details": {"login_field": "yayzydaguerra@gmail.com", "ip": "127.0.0.1"}, "ip_address": null}
2026-03-16 13:34:38,396 - AUDIT - {"timestamp": "2026-03-16T13:34:38.396765", "action": "LOGIN_FAILED", "user_id": null, "details": {"login_field": "yayzydaguerra@gmail.com", "ip": "127.0.0.1"}, "ip_address": null}
2026-03-16 13:34:38,396 - AUDIT - {"timestamp": "2026-03-16T13:34:38.396765", "action": "LOGIN_FAILED", "user_id": null, "details": {"login_field": "yayzydaguerra@gmail.com", "ip": "127.0.0.1"}, "ip_address": null}
2026-03-16 13:34:38,396 - AUDIT - {"timestamp": "2026-03-16T13:34:38.396765", "action": "LOGIN_FAILED", "user_id": null, "details": {"login_field": "yayzydaguerra@gmail.com", "ip": "127.0.0.1"}, "ip_address": null}
2026-03-17 13:36:14,707 - AUDIT - {"timestamp": "2026-03-17T13:36:14.707430", "action": "START_user_registration", "user_id": null, "details": {}, "ip_address": null}
2026-03-17 13:36:14,707 - AUDIT - {"timestamp": "2026-03-17T13:36:14.707430", "action": "START_user_registration", "user_id": null, "details": {}, "ip_address": null}
2026-03-17 13:36:14,712 - AUDIT - {"timestamp": "2026-03-17T13:36:14.712305", "action": "SUCCESS_user_registration", "user_id": null, "details": {}, "ip_address": null}
2026-03-17 13:36:14,712 - AUDIT - {"timestamp": "2026-03-17T13:36:14.712305", "action": "SUCCESS_user_registration", "user_id": null, "details": {}, "ip_address": null}
2026-03-17 13:37:06,640 - AUDIT - {"timestamp": "2026-03-17T13:37:06.640143", "action": "START_ADMIN_PANEL_ACCESS", "user_id": null, "details": {}, "ip_address": null}
2026-03-17 13:37:06,640 - AUDIT - {"timestamp": "2026-03-17T13:37:06.640143", "action": "START_ADMIN_PANEL_ACCESS", "user_id": null, "details": {}, "ip_address": null}
2026-03-17 13:37:06,640 - AUDIT - {"timestamp": "2026-03-17T13:37:06.640143", "action": "START_ADMIN_PANEL_ACCESS", "user_id": null, "details": {}, "ip_address": null}
2026-03-17 13:37:06,703 - AUDIT - {"timestamp": "2026-03-17T13:37:06.703244", "action": "SUCCESS_ADMIN_PANEL_ACCESS", "user_id": null, "details": {}, "ip_address": null}
2026-03-17 13:37:06,703 - AUDIT - {"timestamp": "2026-03-17T13:37:06.703244", "action": "SUCCESS_ADMIN_PANEL_ACCESS", "user_id": null, "details": {}, "ip_address": null}
2026-03-17 13:37:06,703 - AUDIT - {"timestamp": "2026-03-17T13:37:06.703244", "action": "SUCCESS_ADMIN_PANEL_ACCESS", "user_id": null, "details": {}, "ip_address": null}
2026-03-17 13:40:55,472 - AUDIT - {"timestamp": "2026-03-17T13:40:55.472161", "action": "START_user_registration", "user_id": null, "details": {}, "ip_address": null}
2026-03-17 13:40:55,472 - AUDIT - {"timestamp": "2026-03-17T13:40:55.472161", "action": "START_user_registration", "user_id": null, "details": {}, "ip_address": null}
2026-03-17 13:40:55,477 - AUDIT - {"timestamp": "2026-03-17T13:40:55.477531", "action": "SUCCESS_user_registration", "user_id": null, "details": {}, "ip_address": null}
2026-03-17 13:40:55,477 - AUDIT - {"timestamp": "2026-03-17T13:40:55.477531", "action": "SUCCESS_user_registration", "user_id": null, "details": {}, "ip_address": null}
2026-03-17 13:46:11,953 - AUDIT - {"timestamp": "2026-03-17T13:46:11.953346", "action": "START_user_registration", "user_id": null, "details": {}, "ip_address": null}
2026-03-17 13:46:11,953 - AUDIT - {"timestamp": "2026-03-17T13:46:11.953346", "action": "START_user_registration", "user_id": null, "details": {}, "ip_address": null}
2026-03-17 13:46:11,959 - AUDIT - {"timestamp": "2026-03-17T13:46:11.959571", "action": "SUCCESS_user_registration", "user_id": null, "details": {}, "ip_address": null}
2026-03-17 13:46:11,959 - AUDIT - {"timestamp": "2026-03-17T13:46:11.959571", "action": "SUCCESS_user_registration", "user_id": null, "details": {}, "ip_address": null}
2026-03-17 13:46:12,011 - AUDIT - {"timestamp": "2026-03-17T13:46:12.011403", "action": "START_user_registration", "user_id": null, "details": {}, "ip_address": null}
2026-03-17 13:46:12,011 - AUDIT - {"timestamp": "2026-03-17T13:46:12.011403", "action": "START_user_registration", "user_id": null, "details": {}, "ip_address": null}
2026-03-17 13:46:12,011 - AUDIT - {"timestamp": "2026-03-17T13:46:12.011403", "action": "START_user_registration", "user_id": null, "details": {}, "ip_address": null}
2026-03-17 13:46:12,012 - AUDIT - {"timestamp": "2026-03-17T13:46:12.012106", "action": "SUCCESS_user_registration", "user_id": null, "details": {}, "ip_address": null}
2026-03-17 13:46:12,012 - AUDIT - {"timestamp": "2026-03-17T13:46:12.012106", "action": "SUCCESS_user_registration", "user_id": null, "details": {}, "ip_address": null}
2026-03-17 13:46:12,012 - AUDIT - {"timestamp": "2026-03-17T13:46:12.012106", "action": "SUCCESS_user_registration", "user_id": null, "details": {}, "ip_address": null}
2026-03-17 13:46:12,067 - AUDIT - {"timestamp": "2026-03-17T13:46:12.067511", "action": "START_user_registration", "user_id": null, "details": {}, "ip_address": null}
2026-03-17 13:46:12,067 - AUDIT - {"timestamp": "2026-03-17T13:46:12.067511", "action": "START_user_registration", "user_id": null, "details": {}, "ip_address": null}
2026-03-17 13:46:12,067 - AUDIT - {"timestamp": "2026-03-17T13:46:12.067511", "action": "START_user_registration", "user_id": null, "details": {}, "ip_address": null}
2026-03-17 13:46:12,067 - AUDIT - {"timestamp": "2026-03-17T13:46:12.067511", "action": "START_user_registration", "user_id": null, "details": {}, "ip_address": null}
2026-03-17 13:46:12,068 - AUDIT - {"timestamp": "2026-03-17T13:46:12.068383", "action": "SUCCESS_user_registration", "user_id": null, "details": {}, "ip_address": null}
2026-03-17 13:46:12,068 - AUDIT - {"timestamp": "2026-03-17T13:46:12.068383", "action": "SUCCESS_user_registration", "user_id": null, "details": {}, "ip_address": null}
2026-03-17 13:46:12,068 - AUDIT - {"timestamp": "2026-03-17T13:46:12.068383", "action": "SUCCESS_user_registration", "user_id": null, "details": {}, "ip_address": null}
2026-03-17 13:46:12,068 - AUDIT - {"timestamp": "2026-03-17T13:46:12.068383", "action": "SUCCESS_user_registration", "user_id": null, "details": {}, "ip_address": null}
2026-03-17 13:46:12,124 - AUDIT - {"timestamp": "2026-03-17T13:46:12.124502", "action": "START_user_registration", "user_id": null, "details": {}, "ip_address": null}
2026-03-17 13:46:12,124 - AUDIT - {"timestamp": "2026-03-17T13:46:12.124502", "action": "START_user_registration", "user_id": null, "details": {}, "ip_address": null}
2026-03-17 13:46:12,124 - AUDIT - {"timestamp": "2026-03-17T13:46:12.124502", "action": "START_user_registration", "user_id": null, "details": {}, "ip_address": null}
2026-03-17 13:46:12,124 - AUDIT - {"timestamp": "2026-03-17T13:46:12.124502", "action": "START_user_registration", "user_id": null, "details": {}, "ip_address": null}
2026-03-17 13:46:12,124 - AUDIT - {"timestamp": "2026-03-17T13:46:12.124502", "action": "START_user_registration", "user_id": null, "details": {}, "ip_address": null}
2026-03-17 13:46:12,125 - AUDIT - {"timestamp": "2026-03-17T13:46:12.125353", "action": "SUCCESS_user_registration", "user_id": null, "details": {}, "ip_address": null}
2026-03-17 13:46:12,125 - AUDIT - {"timestamp": "2026-03-17T13:46:12.125353", "action": "SUCCESS_user_registration", "user_id": null, "details": {}, "ip_address": null}
2026-03-17 13:46:12,125 - AUDIT - {"timestamp": "2026-03-17T13:46:12.125353", "action": "SUCCESS_user_registration", "user_id": null, "details": {}, "ip_address": null}
2026-03-17 13:46:12,125 - AUDIT - {"timestamp": "2026-03-17T13:46:12.125353", "action": "SUCCESS_user_registration", "user_id": null, "details": {}, "ip_address": null}
2026-03-17 13:46:12,125 - AUDIT - {"timestamp": "2026-03-17T13:46:12.125353", "action": "SUCCESS_user_registration", "user_id": null, "details": {}, "ip_address": null}
2026-03-17 13:47:01,588 - AUDIT - {"timestamp": "2026-03-17T13:47:01.588614", "action": "START_user_registration", "user_id": null, "details": {}, "ip_address": null}
2026-03-17 13:47:01,588 - AUDIT - {"timestamp": "2026-03-17T13:47:01.588614", "action": "START_user_registration", "user_id": null, "details": {}, "ip_address": null}
2026-03-17 13:47:01,724 - AUDIT - {"timestamp": "2026-03-17T13:47:01.724344", "action": "SUCCESS_user_registration", "user_id": null, "details": {}, "ip_address": null}
2026-03-17 13:47:01,724 - AUDIT - {"timestamp": "2026-03-17T13:47:01.724344", "action": "SUCCESS_user_registration", "user_id": null, "details": {}, "ip_address": null}
2026-03-17 13:47:01,765 - AUDIT - {"timestamp": "2026-03-17T13:47:01.765074", "action": "START_user_registration", "user_id": null, "details": {}, "ip_address": null}
2026-03-17 13:47:01,765 - AUDIT - {"timestamp": "2026-03-17T13:47:01.765074", "action": "START_user_registration", "user_id": null, "details": {}, "ip_address": null}
2026-03-17 13:47:01,765 - AUDIT - {"timestamp": "2026-03-17T13:47:01.765074", "action": "START_user_registration", "user_id": null, "details": {}, "ip_address": null}
2026-03-17 13:47:01,872 - AUDIT - {"timestamp": "2026-03-17T13:47:01.872330", "action": "SUCCESS_user_registration", "user_id": null, "details": {}, "ip_address": null}
2026-03-17 13:47:01,872 - AUDIT - {"timestamp": "2026-03-17T13:47:01.872330", "action": "SUCCESS_user_registration", "user_id": null, "details": {}, "ip_address": null}
2026-03-17 13:47:01,872 - AUDIT - {"timestamp": "2026-03-17T13:47:01.872330", "action": "SUCCESS_user_registration", "user_id": null, "details": {}, "ip_address": null}
2026-03-17 13:47:01,911 - AUDIT - {"timestamp": "2026-03-17T13:47:01.911771", "action": "START_user_registration", "user_id": null, "details": {}, "ip_address": null}
2026-03-17 13:47:01,911 - AUDIT - {"timestamp": "2026-03-17T13:47:01.911771", "action": "START_user_registration", "user_id": null, "details": {}, "ip_address": null}
2026-03-17 13:47:01,911 - AUDIT - {"timestamp": "2026-03-17T13:47:01.911771", "action": "START_user_registration", "user_id": null, "details": {}, "ip_address": null}
2026-03-17 13:47:01,911 - AUDIT - {"timestamp": "2026-03-17T13:47:01.911771", "action": "START_user_registration", "user_id": null, "details": {}, "ip_address": null}
2026-03-17 13:47:02,010 - AUDIT - {"timestamp": "2026-03-17T13:47:02.010441", "action": "SUCCESS_user_registration", "user_id": null, "details": {}, "ip_address": null}
2026-03-17 13:47:02,010 - AUDIT - {"timestamp": "2026-03-17T13:47:02.010441", "action": "SUCCESS_user_registration", "user_id": null, "details": {}, "ip_address": null}
2026-03-17 13:47:02,010 - AUDIT - {"timestamp": "2026-03-17T13:47:02.010441", "action": "SUCCESS_user_registration", "user_id": null, "details": {}, "ip_address": null}
2026-03-17 13:47:02,010 - AUDIT - {"timestamp": "2026-03-17T13:47:02.010441", "action": "SUCCESS_user_registration", "user_id": null, "details": {}, "ip_address": null}
2026-03-17 13:47:02,050 - AUDIT - {"timestamp": "2026-03-17T13:47:02.050618", "action": "START_user_registration", "user_id": null, "details": {}, "ip_address": null}
2026-03-17 13:47:02,050 - AUDIT - {"timestamp": "2026-03-17T13:47:02.050618", "action": "START_user_registration", "user_id": null, "details": {}, "ip_address": null}
2026-03-17 13:47:02,050 - AUDIT - {"timestamp": "2026-03-17T13:47:02.050618", "action": "START_user_registration", "user_id": null, "details": {}, "ip_address": null}
2026-03-17 13:47:02,050 - AUDIT - {"timestamp": "2026-03-17T13:47:02.050618", "action": "START_user_registration", "user_id": null, "details": {}, "ip_address": null}
2026-03-17 13:47:02,050 - AUDIT - {"timestamp": "2026-03-17T13:47:02.050618", "action": "START_user_registration", "user_id": null, "details": {}, "ip_address": null}
2026-03-17 13:47:02,051 - AUDIT - {"timestamp": "2026-03-17T13:47:02.051087", "action": "RATE_LIMIT_EXCEEDED", "user_id": null, "details": {"ip": "127.0.0.1", "action": "registration"}, "ip_address": null}
2026-03-17 13:47:02,051 - AUDIT - {"timestamp": "2026-03-17T13:47:02.051087", "action": "RATE_LIMIT_EXCEEDED", "user_id": null, "details": {"ip": "127.0.0.1", "action": "registration"}, "ip_address": null}
2026-03-17 13:47:02,051 - AUDIT - {"timestamp": "2026-03-17T13:47:02.051087", "action": "RATE_LIMIT_EXCEEDED", "user_id": null, "details": {"ip": "127.0.0.1", "action": "registration"}, "ip_address": null}
2026-03-17 13:47:02,051 - AUDIT - {"timestamp": "2026-03-17T13:47:02.051087", "action": "RATE_LIMIT_EXCEEDED", "user_id": null, "details": {"ip": "127.0.0.1", "action": "registration"}, "ip_address": null}
2026-03-17 13:47:02,051 - AUDIT - {"timestamp": "2026-03-17T13:47:02.051087", "action": "RATE_LIMIT_EXCEEDED", "user_id": null, "details": {"ip": "127.0.0.1", "action": "registration"}, "ip_address": null}
2026-03-17 13:47:02,056 - AUDIT - {"timestamp": "2026-03-17T13:47:02.056701", "action": "SUCCESS_user_registration", "user_id": null, "details": {}, "ip_address": null}
2026-03-17 13:47:02,056 - AUDIT - {"timestamp": "2026-03-17T13:47:02.056701", "action": "SUCCESS_user_registration", "user_id": null, "details": {}, "ip_address": null}
2026-03-17 13:47:02,056 - AUDIT - {"timestamp": "2026-03-17T13:47:02.056701", "action": "SUCCESS_user_registration", "user_id": null, "details": {}, "ip_address": null}
2026-03-17 13:47:02,056 - AUDIT - {"timestamp": "2026-03-17T13:47:02.056701", "action": "SUCCESS_user_registration", "user_id": null, "details": {}, "ip_address": null}
2026-03-17 13:47:02,056 - AUDIT - {"timestamp": "2026-03-17T13:47:02.056701", "action": "SUCCESS_user_registration", "user_id": null, "details": {}, "ip_address": null}
2026-03-17 13:47:10,022 - AUDIT - {"timestamp": "2026-03-17T13:47:10.022485", "action": "START_user_registration", "user_id": null, "details": {}, "ip_address": null}
2026-03-17 13:47:10,022 - AUDIT - {"timestamp": "2026-03-17T13:47:10.022485", "action": "START_user_registration", "user_id": null, "details": {}, "ip_address": null}
2026-03-17 13:47:10,022 - AUDIT - {"timestamp": "2026-03-17T13:47:10.022485", "action": "START_user_registration", "user_id": null, "details": {}, "ip_address": null}
2026-03-17 13:47:10,022 - AUDIT - {"timestamp": "2026-03-17T13:47:10.022485", "action": "START_user_registration", "user_id": null, "details": {}, "ip_address": null}
2026-03-17 13:47:10,022 - AUDIT - {"timestamp": "2026-03-17T13:47:10.022485", "action": "START_user_registration", "user_id": null, "details": {}, "ip_address": null}
2026-03-17 13:47:10,022 - AUDIT - {"timestamp": "2026-03-17T13:47:10.022485", "action": "START_user_registration", "user_id": null, "details": {}, "ip_address": null}
2026-03-17 13:47:10,023 - AUDIT - {"timestamp": "2026-03-17T13:47:10.023073", "action": "SUCCESS_user_registration", "user_id": null, "details": {}, "ip_address": null}
2026-03-17 13:47:10,023 - AUDIT - {"timestamp": "2026-03-17T13:47:10.023073", "action": "SUCCESS_user_registration", "user_id": null, "details": {}, "ip_address": null}
2026-03-17 13:47:10,023 - AUDIT - {"timestamp": "2026-03-17T13:47:10.023073", "action": "SUCCESS_user_registration", "user_id": null, "details": {}, "ip_address": null}
2026-03-17 13:47:10,023 - AUDIT - {"timestamp": "2026-03-17T13:47:10.023073", "action": "SUCCESS_user_registration", "user_id": null, "details": {}, "ip_address": null}
2026-03-17 13:47:10,023 - AUDIT - {"timestamp": "2026-03-17T13:47:10.023073", "action": "SUCCESS_user_registration", "user_id": null, "details": {}, "ip_address": null}
2026-03-17 13:47:10,023 - AUDIT - {"timestamp": "2026-03-17T13:47:10.023073", "action": "SUCCESS_user_registration", "user_id": null, "details": {}, "ip_address": null}
2026-03-17 13:47:57,551 - AUDIT - {"timestamp": "2026-03-17T13:47:57.551412", "action": "START_user_registration", "user_id": null, "details": {}, "ip_address": null}
2026-03-17 13:47:57,551 - AUDIT - {"timestamp": "2026-03-17T13:47:57.551412", "action": "START_user_registration", "user_id": null, "details": {}, "ip_address": null}
2026-03-17 13:47:57,551 - AUDIT - {"timestamp": "2026-03-17T13:47:57.551412", "action": "START_user_registration", "user_id": null, "details": {}, "ip_address": null}
2026-03-17 13:47:57,551 - AUDIT - {"timestamp": "2026-03-17T13:47:57.551412", "action": "START_user_registration", "user_id": null, "details": {}, "ip_address": null}
2026-03-17 13:47:57,551 - AUDIT - {"timestamp": "2026-03-17T13:47:57.551412", "action": "START_user_registration", "user_id": null, "details": {}, "ip_address": null}
2026-03-17 13:47:57,551 - AUDIT - {"timestamp": "2026-03-17T13:47:57.551412", "action": "START_user_registration", "user_id": null, "details": {}, "ip_address": null}
2026-03-17 13:47:57,551 - AUDIT - {"timestamp": "2026-03-17T13:47:57.551412", "action": "START_user_registration", "user_id": null, "details": {}, "ip_address": null}
2026-03-17 13:47:57,551 - AUDIT - {"timestamp": "2026-03-17T13:47:57.551934", "action": "SUCCESS_user_registration", "user_id": null, "details": {}, "ip_address": null}
2026-03-17 13:47:57,551 - AUDIT - {"timestamp": "2026-03-17T13:47:57.551934", "action": "SUCCESS_user_registration", "user_id": null, "details": {}, "ip_address": null}
2026-03-17 13:47:57,551 - AUDIT - {"timestamp": "2026-03-17T13:47:57.551934", "action": "SUCCESS_user_registration", "user_id": null, "details": {}, "ip_address": null}
2026-03-17 13:47:57,551 - AUDIT - {"timestamp": "2026-03-17T13:47:57.551934", "action": "SUCCESS_user_registration", "user_id": null, "details": {}, "ip_address": null}
2026-03-17 13:47:57,551 - AUDIT - {"timestamp": "2026-03-17T13:47:57.551934", "action": "SUCCESS_user_registration", "user_id": null, "details": {}, "ip_address": null}
2026-03-17 13:47:57,551 - AUDIT - {"timestamp": "2026-03-17T13:47:57.551934", "action": "SUCCESS_user_registration", "user_id": null, "details": {}, "ip_address": null}
2026-03-17 13:47:57,551 - AUDIT - {"timestamp": "2026-03-17T13:47:57.551934", "action": "SUCCESS_user_registration", "user_id": null, "details": {}, "ip_address": null}
2026-03-17 13:48:35,385 - AUDIT - {"timestamp": "2026-03-17T13:48:35.385172", "action": "START_user_registration", "user_id": null, "details": {}, "ip_address": null}
2026-03-17 13:48:35,385 - AUDIT - {"timestamp": "2026-03-17T13:48:35.385172", "action": "START_user_registration", "user_id": null, "details": {}, "ip_address": null}
2026-03-17 13:48:35,385 - AUDIT - {"timestamp": "2026-03-17T13:48:35.385172", "action": "START_user_registration", "user_id": null, "details": {}, "ip_address": null}
2026-03-17 13:48:35,385 - AUDIT - {"timestamp": "2026-03-17T13:48:35.385172", "action": "START_user_registration", "user_id": null, "details": {}, "ip_address": null}
2026-03-17 13:48:35,385 - AUDIT - {"timestamp": "2026-03-17T13:48:35.385172", "action": "START_user_registration", "user_id": null, "details": {}, "ip_address": null}
2026-03-17 13:48:35,385 - AUDIT - {"timestamp": "2026-03-17T13:48:35.385172", "action": "START_user_registration", "user_id": null, "details": {}, "ip_address": null}
2026-03-17 13:48:35,385 - AUDIT - {"timestamp": "2026-03-17T13:48:35.385172", "action": "START_user_registration", "user_id": null, "details": {}, "ip_address": null}
2026-03-17 13:48:35,385 - AUDIT - {"timestamp": "2026-03-17T13:48:35.385172", "action": "START_user_registration", "user_id": null, "details": {}, "ip_address": null}
2026-03-17 13:48:35,386 - AUDIT - {"timestamp": "2026-03-17T13:48:35.386857", "action": "SUCCESS_user_registration", "user_id": null, "details": {}, "ip_address": null}
2026-03-17 13:48:35,386 - AUDIT - {"timestamp": "2026-03-17T13:48:35.386857", "action": "SUCCESS_user_registration", "user_id": null, "details": {}, "ip_address": null}
2026-03-17 13:48:35,386 - AUDIT - {"timestamp": "2026-03-17T13:48:35.386857", "action": "SUCCESS_user_registration", "user_id": null, "details": {}, "ip_address": null}
2026-03-17 13:48:35,386 - AUDIT - {"timestamp": "2026-03-17T13:48:35.386857", "action": "SUCCESS_user_registration", "user_id": null, "details": {}, "ip_address": null}
2026-03-17 13:48:35,386 - AUDIT - {"timestamp": "2026-03-17T13:48:35.386857", "action": "SUCCESS_user_registration", "user_id": null, "details": {}, "ip_address": null}
2026-03-17 13:48:35,386 - AUDIT - {"timestamp": "2026-03-17T13:48:35.386857", "action": "SUCCESS_user_registration", "user_id": null, "details": {}, "ip_address": null}
2026-03-17 13:48:35,386 - AUDIT - {"timestamp": "2026-03-17T13:48:35.386857", "action": "SUCCESS_user_registration", "user_id": null, "details": {}, "ip_address": null}
2026-03-17 13:48:35,386 - AUDIT - {"timestamp": "2026-03-17T13:48:35.386857", "action": "SUCCESS_user_registration", "user_id": null, "details": {}, "ip_address": null}
2026-03-17 13:49:05,865 - AUDIT - {"timestamp": "2026-03-17T13:49:05.865305", "action": "LOGIN_FAILED", "user_id": null, "details": {"login_field": "yayzydaguerra@gmail.com", "ip": "127.0.0.1"}, "ip_address": null}
2026-03-17 13:49:05,865 - AUDIT - {"timestamp": "2026-03-17T13:49:05.865305", "action": "LOGIN_FAILED", "user_id": null, "details": {"login_field": "yayzydaguerra@gmail.com", "ip": "127.0.0.1"}, "ip_address": null}
2026-03-17 13:49:05,865 - AUDIT - {"timestamp": "2026-03-17T13:49:05.865305", "action": "LOGIN_FAILED", "user_id": null, "details": {"login_field": "yayzydaguerra@gmail.com", "ip": "127.0.0.1"}, "ip_address": null}
2026-03-17 13:49:05,865 - AUDIT - {"timestamp": "2026-03-17T13:49:05.865305", "action": "LOGIN_FAILED", "user_id": null, "details": {"login_field": "yayzydaguerra@gmail.com", "ip": "127.0.0.1"}, "ip_address": null}
2026-03-17 13:49:05,865 - AUDIT - {"timestamp": "2026-03-17T13:49:05.865305", "action": "LOGIN_FAILED", "user_id": null, "details": {"login_field": "yayzydaguerra@gmail.com", "ip": "127.0.0.1"}, "ip_address": null}
2026-03-17 13:49:05,865 - AUDIT - {"timestamp": "2026-03-17T13:49:05.865305", "action": "LOGIN_FAILED", "user_id": null, "details": {"login_field": "yayzydaguerra@gmail.com", "ip": "127.0.0.1"}, "ip_address": null}
2026-03-17 13:49:05,865 - AUDIT - {"timestamp": "2026-03-17T13:49:05.865305", "action": "LOGIN_FAILED", "user_id": null, "details": {"login_field": "yayzydaguerra@gmail.com", "ip": "127.0.0.1"}, "ip_address": null}
2026-03-17 13:49:05,865 - AUDIT - {"timestamp": "2026-03-17T13:49:05.865305", "action": "LOGIN_FAILED", "user_id": null, "details": {"login_field": "yayzydaguerra@gmail.com", "ip": "127.0.0.1"}, "ip_address": null}
2026-03-17 13:49:29,345 - AUDIT - {"timestamp": "2026-03-17T13:49:29.345821", "action": "LOGIN_FAILED", "user_id": null, "details": {"login_field": "yayzydaguerra@gmail.com", "ip": "127.0.0.1"}, "ip_address": null}
2026-03-17 13:49:29,345 - AUDIT - {"timestamp": "2026-03-17T13:49:29.345821", "action": "LOGIN_FAILED", "user_id": null, "details": {"login_field": "yayzydaguerra@gmail.com", "ip": "127.0.0.1"}, "ip_address": null}
2026-03-17 13:49:29,345 - AUDIT - {"timestamp": "2026-03-17T13:49:29.345821", "action": "LOGIN_FAILED", "user_id": null, "details": {"login_field": "yayzydaguerra@gmail.com", "ip": "127.0.0.1"}, "ip_address": null}
2026-03-17 13:49:29,345 - AUDIT - {"timestamp": "2026-03-17T13:49:29.345821", "action": "LOGIN_FAILED", "user_id": null, "details": {"login_field": "yayzydaguerra@gmail.com", "ip": "127.0.0.1"}, "ip_address": null}
2026-03-17 13:49:29,345 - AUDIT - {"timestamp": "2026-03-17T13:49:29.345821", "action": "LOGIN_FAILED", "user_id": null, "details": {"login_field": "yayzydaguerra@gmail.com", "ip": "127.0.0.1"}, "ip_address": null}
2026-03-17 13:49:29,345 - AUDIT - {"timestamp": "2026-03-17T13:49:29.345821", "action": "LOGIN_FAILED", "user_id": null, "details": {"login_field": "yayzydaguerra@gmail.com", "ip": "127.0.0.1"}, "ip_address": null}
2026-03-17 13:49:29,345 - AUDIT - {"timestamp": "2026-03-17T13:49:29.345821", "action": "LOGIN_FAILED", "user_id": null, "details": {"login_field": "yayzydaguerra@gmail.com", "ip": "127.0.0.1"}, "ip_address": null}
2026-03-17 13:49:29,345 - AUDIT - {"timestamp": "2026-03-17T13:49:29.345821", "action": "LOGIN_FAILED", "user_id": null, "details": {"login_field": "yayzydaguerra@gmail.com", "ip": "127.0.0.1"}, "ip_address": null}
2026-03-17 13:49:45,630 - AUDIT - {"timestamp": "2026-03-17T13:49:45.630081", "action": "START_user_registration", "user_id": null, "details": {}, "ip_address": null}
2026-03-17 13:49:45,630 - AUDIT - {"timestamp": "2026-03-17T13:49:45.630081", "action": "START_user_registration", "user_id": null, "details": {}, "ip_address": null}
2026-03-17 13:49:45,630 - AUDIT - {"timestamp": "2026-03-17T13:49:45.630081", "action": "START_user_registration", "user_id": null, "details": {}, "ip_address": null}
2026-03-17 13:49:45,630 - AUDIT - {"timestamp": "2026-03-17T13:49:45.630081", "action": "START_user_registration", "user_id": null, "details": {}, "ip_address": null}
2026-03-17 13:49:45,630 - AUDIT - {"timestamp": "2026-03-17T13:49:45.630081", "action": "START_user_registration", "user_id": null, "details": {}, "ip_address": null}
2026-03-17 13:49:45,630 - AUDIT - {"timestamp": "2026-03-17T13:49:45.630081", "action": "START_user_registration", "user_id": null, "details": {}, "ip_address": null}
2026-03-17 13:49:45,630 - AUDIT - {"timestamp": "2026-03-17T13:49:45.630081", "action": "START_user_registration", "user_id": null, "details": {}, "ip_address": null}
2026-03-17 13:49:45,630 - AUDIT - {"timestamp": "2026-03-17T13:49:45.630081", "action": "START_user_registration", "user_id": null, "details": {}, "ip_address": null}
2026-03-17 13:49:45,630 - AUDIT - {"timestamp": "2026-03-17T13:49:45.630081", "action": "START_user_registration", "user_id": null, "details": {}, "ip_address": null}
2026-03-17 13:49:45,630 - AUDIT - {"timestamp": "2026-03-17T13:49:45.630532", "action": "SUCCESS_user_registration", "user_id": null, "details": {}, "ip_address": null}
2026-03-17 13:49:45,630 - AUDIT - {"timestamp": "2026-03-17T13:49:45.630532", "action": "SUCCESS_user_registration", "user_id": null, "details": {}, "ip_address": null}
2026-03-17 13:49:45,630 - AUDIT - {"timestamp": "2026-03-17T13:49:45.630532", "action": "SUCCESS_user_registration", "user_id": null, "details": {}, "ip_address": null}
2026-03-17 13:49:45,630 - AUDIT - {"timestamp": "2026-03-17T13:49:45.630532", "action": "SUCCESS_user_registration", "user_id": null, "details": {}, "ip_address": null}
2026-03-17 13:49:45,630 - AUDIT - {"timestamp": "2026-03-17T13:49:45.630532", "action": "SUCCESS_user_registration", "user_id": null, "details": {}, "ip_address": null}
2026-03-17 13:49:45,630 - AUDIT - {"timestamp": "2026-03-17T13:49:45.630532", "action": "SUCCESS_user_registration", "user_id": null, "details": {}, "ip_address": null}
2026-03-17 13:49:45,630 - AUDIT - {"timestamp": "2026-03-17T13:49:45.630532", "action": "SUCCESS_user_registration", "user_id": null, "details": {}, "ip_address": null}
2026-03-17 13:49:45,630 - AUDIT - {"timestamp": "2026-03-17T13:49:45.630532", "action": "SUCCESS_user_registration", "user_id": null, "details": {}, "ip_address": null}
2026-03-17 13:49:45,630 - AUDIT - {"timestamp": "2026-03-17T13:49:45.630532", "action": "SUCCESS_user_registration", "user_id": null, "details": {}, "ip_address": null}
2026-03-17 13:50:33,692 - AUDIT - {"timestamp": "2026-03-17T13:50:33.692576", "action": "START_user_registration", "user_id": null, "details": {}, "ip_address": null}
2026-03-17 13:50:33,692 - AUDIT - {"timestamp": "2026-03-17T13:50:33.692576", "action": "START_user_registration", "user_id": null, "details": {}, "ip_address": null}
2026-03-17 13:50:33,692 - AUDIT - {"timestamp": "2026-03-17T13:50:33.692576", "action": "START_user_registration", "user_id": null, "details": {}, "ip_address": null}
2026-03-17 13:50:33,692 - AUDIT - {"timestamp": "2026-03-17T13:50:33.692576", "action": "START_user_registration", "user_id": null, "details": {}, "ip_address": null}
2026-03-17 13:50:33,692 - AUDIT - {"timestamp": "2026-03-17T13:50:33.692576", "action": "START_user_registration", "user_id": null, "details": {}, "ip_address": null}
2026-03-17 13:50:33,692 - AUDIT - {"timestamp": "2026-03-17T13:50:33.692576", "action": "START_user_registration", "user_id": null, "details": {}, "ip_address": null}
2026-03-17 13:50:33,692 - AUDIT - {"timestamp": "2026-03-17T13:50:33.692576", "action": "START_user_registration", "user_id": null, "details": {}, "ip_address": null}
2026-03-17 13:50:33,692 - AUDIT - {"timestamp": "2026-03-17T13:50:33.692576", "action": "START_user_registration", "user_id": null, "details": {}, "ip_address": null}
2026-03-17 13:50:33,692 - AUDIT - {"timestamp": "2026-03-17T13:50:33.692576", "action": "START_user_registration", "user_id": null, "details": {}, "ip_address": null}
2026-03-17 13:50:33,692 - AUDIT - {"timestamp": "2026-03-17T13:50:33.692576", "action": "START_user_registration", "user_id": null, "details": {}, "ip_address": null}
2026-03-17 13:50:33,810 - AUDIT - {"timestamp": "2026-03-17T13:50:33.810292", "action": "SUCCESS_user_registration", "user_id": null, "details": {}, "ip_address": null}
2026-03-17 13:50:33,810 - AUDIT - {"timestamp": "2026-03-17T13:50:33.810292", "action": "SUCCESS_user_registration", "user_id": null, "details": {}, "ip_address": null}
2026-03-17 13:50:33,810 - AUDIT - {"timestamp": "2026-03-17T13:50:33.810292", "action": "SUCCESS_user_registration", "user_id": null, "details": {}, "ip_address": null}
2026-03-17 13:50:33,810 - AUDIT - {"timestamp": "2026-03-17T13:50:33.810292", "action": "SUCCESS_user_registration", "user_id": null, "details": {}, "ip_address": null}
2026-03-17 13:50:33,810 - AUDIT - {"timestamp": "2026-03-17T13:50:33.810292", "action": "SUCCESS_user_registration", "user_id": null, "details": {}, "ip_address": null}
2026-03-17 13:50:33,810 - AUDIT - {"timestamp": "2026-03-17T13:50:33.810292", "action": "SUCCESS_user_registration", "user_id": null, "details": {}, "ip_address": null}
2026-03-17 13:50:33,810 - AUDIT - {"timestamp": "2026-03-17T13:50:33.810292", "action": "SUCCESS_user_registration", "user_id": null, "details": {}, "ip_address": null}
2026-03-17 13:50:33,810 - AUDIT - {"timestamp": "2026-03-17T13:50:33.810292", "action": "SUCCESS_user_registration", "user_id": null, "details": {}, "ip_address": null}
2026-03-17 13:50:33,810 - AUDIT - {"timestamp": "2026-03-17T13:50:33.810292", "action": "SUCCESS_user_registration", "user_id": null, "details": {}, "ip_address": null}
2026-03-17 13:50:33,810 - AUDIT - {"timestamp": "2026-03-17T13:50:33.810292", "action": "SUCCESS_user_registration", "user_id": null, "details": {}, "ip_address": null}
2026-03-17 13:50:53,899 - AUDIT - {"timestamp": "2026-03-17T13:50:53.899021", "action": "LOGIN_SUCCESS", "user_id": 8, "details": {"ip": "127.0.0.1", "user_agent": "Mozilla/5.0 (Windows NT 10.0; Win64; x64) AppleWebKit/537.36 (KHTML, like Gecko) Chrome/145.0.0.0 Safari/537.36"}, "ip_address": null}
2026-03-17 13:50:53,899 - AUDIT - {"timestamp": "2026-03-17T13:50:53.899021", "action": "LOGIN_SUCCESS", "user_id": 8, "details": {"ip": "127.0.0.1", "user_agent": "Mozilla/5.0 (Windows NT 10.0; Win64; x64) AppleWebKit/537.36 (KHTML, like Gecko) Chrome/145.0.0.0 Safari/537.36"}, "ip_address": null}
2026-03-17 13:50:53,899 - AUDIT - {"timestamp": "2026-03-17T13:50:53.899021", "action": "LOGIN_SUCCESS", "user_id": 8, "details": {"ip": "127.0.0.1", "user_agent": "Mozilla/5.0 (Windows NT 10.0; Win64; x64) AppleWebKit/537.36 (KHTML, like Gecko) Chrome/145.0.0.0 Safari/537.36"}, "ip_address": null}
2026-03-17 13:50:53,899 - AUDIT - {"timestamp": "2026-03-17T13:50:53.899021", "action": "LOGIN_SUCCESS", "user_id": 8, "details": {"ip": "127.0.0.1", "user_agent": "Mozilla/5.0 (Windows NT 10.0; Win64; x64) AppleWebKit/537.36 (KHTML, like Gecko) Chrome/145.0.0.0 Safari/537.36"}, "ip_address": null}
2026-03-17 13:50:53,899 - AUDIT - {"timestamp": "2026-03-17T13:50:53.899021", "action": "LOGIN_SUCCESS", "user_id": 8, "details": {"ip": "127.0.0.1", "user_agent": "Mozilla/5.0 (Windows NT 10.0; Win64; x64) AppleWebKit/537.36 (KHTML, like Gecko) Chrome/145.0.0.0 Safari/537.36"}, "ip_address": null}
2026-03-17 13:50:53,899 - AUDIT - {"timestamp": "2026-03-17T13:50:53.899021", "action": "LOGIN_SUCCESS", "user_id": 8, "details": {"ip": "127.0.0.1", "user_agent": "Mozilla/5.0 (Windows NT 10.0; Win64; x64) AppleWebKit/537.36 (KHTML, like Gecko) Chrome/145.0.0.0 Safari/537.36"}, "ip_address": null}
2026-03-17 13:50:53,899 - AUDIT - {"timestamp": "2026-03-17T13:50:53.899021", "action": "LOGIN_SUCCESS", "user_id": 8, "details": {"ip": "127.0.0.1", "user_agent": "Mozilla/5.0 (Windows NT 10.0; Win64; x64) AppleWebKit/537.36 (KHTML, like Gecko) Chrome/145.0.0.0 Safari/537.36"}, "ip_address": null}
2026-03-17 13:50:53,899 - AUDIT - {"timestamp": "2026-03-17T13:50:53.899021", "action": "LOGIN_SUCCESS", "user_id": 8, "details": {"ip": "127.0.0.1", "user_agent": "Mozilla/5.0 (Windows NT 10.0; Win64; x64) AppleWebKit/537.36 (KHTML, like Gecko) Chrome/145.0.0.0 Safari/537.36"}, "ip_address": null}
2026-03-17 13:50:53,899 - AUDIT - {"timestamp": "2026-03-17T13:50:53.899021", "action": "LOGIN_SUCCESS", "user_id": 8, "details": {"ip": "127.0.0.1", "user_agent": "Mozilla/5.0 (Windows NT 10.0; Win64; x64) AppleWebKit/537.36 (KHTML, like Gecko) Chrome/145.0.0.0 Safari/537.36"}, "ip_address": null}
2026-03-17 13:50:53,899 - AUDIT - {"timestamp": "2026-03-17T13:50:53.899021", "action": "LOGIN_SUCCESS", "user_id": 8, "details": {"ip": "127.0.0.1", "user_agent": "Mozilla/5.0 (Windows NT 10.0; Win64; x64) AppleWebKit/537.36 (KHTML, like Gecko) Chrome/145.0.0.0 Safari/537.36"}, "ip_address": null}
2026-03-29 12:49:07,505 - AUDIT - {"timestamp": "2026-03-29T12:49:07.505808", "action": "START_publish_product", "user_id": 8, "details": {}, "ip_address": null}
2026-03-29 12:49:07,505 - AUDIT - {"timestamp": "2026-03-29T12:49:07.505808", "action": "START_publish_product", "user_id": 8, "details": {}, "ip_address": null}
2026-03-29 12:49:07,516 - AUDIT - {"timestamp": "2026-03-29T12:49:07.515963", "action": "SUCCESS_publish_product", "user_id": 8, "details": {}, "ip_address": null}
2026-03-29 12:49:07,516 - AUDIT - {"timestamp": "2026-03-29T12:49:07.515963", "action": "SUCCESS_publish_product", "user_id": 8, "details": {}, "ip_address": null}
2026-03-29 12:50:34,526 - AUDIT - {"timestamp": "2026-03-29T12:50:34.526658", "action": "START_ADMIN_PANEL_ACCESS", "user_id": 8, "details": {}, "ip_address": null}
2026-03-29 12:50:34,526 - AUDIT - {"timestamp": "2026-03-29T12:50:34.526658", "action": "START_ADMIN_PANEL_ACCESS", "user_id": 8, "details": {}, "ip_address": null}
2026-03-29 12:50:34,526 - AUDIT - {"timestamp": "2026-03-29T12:50:34.526658", "action": "START_ADMIN_PANEL_ACCESS", "user_id": 8, "details": {}, "ip_address": null}
2026-03-29 12:50:34,584 - AUDIT - {"timestamp": "2026-03-29T12:50:34.584854", "action": "SUCCESS_ADMIN_PANEL_ACCESS", "user_id": 8, "details": {}, "ip_address": null}
2026-03-29 12:50:34,584 - AUDIT - {"timestamp": "2026-03-29T12:50:34.584854", "action": "SUCCESS_ADMIN_PANEL_ACCESS", "user_id": 8, "details": {}, "ip_address": null}
2026-03-29 12:50:34,584 - AUDIT - {"timestamp": "2026-03-29T12:50:34.584854", "action": "SUCCESS_ADMIN_PANEL_ACCESS", "user_id": 8, "details": {}, "ip_address": null}
2026-03-29 12:52:41,192 - AUDIT - {"timestamp": "2026-03-29T12:52:41.192541", "action": "START_user_registration", "user_id": null, "details": {}, "ip_address": null}
2026-03-29 12:52:41,192 - AUDIT - {"timestamp": "2026-03-29T12:52:41.192541", "action": "START_user_registration", "user_id": null, "details": {}, "ip_address": null}
2026-03-29 12:52:41,192 - AUDIT - {"timestamp": "2026-03-29T12:52:41.192541", "action": "START_user_registration", "user_id": null, "details": {}, "ip_address": null}
2026-03-29 12:52:41,192 - AUDIT - {"timestamp": "2026-03-29T12:52:41.192541", "action": "START_user_registration", "user_id": null, "details": {}, "ip_address": null}
2026-03-29 12:52:41,200 - AUDIT - {"timestamp": "2026-03-29T12:52:41.200223", "action": "SUCCESS_user_registration", "user_id": null, "details": {}, "ip_address": null}
2026-03-29 12:52:41,200 - AUDIT - {"timestamp": "2026-03-29T12:52:41.200223", "action": "SUCCESS_user_registration", "user_id": null, "details": {}, "ip_address": null}
2026-03-29 12:52:41,200 - AUDIT - {"timestamp": "2026-03-29T12:52:41.200223", "action": "SUCCESS_user_registration", "user_id": null, "details": {}, "ip_address": null}
2026-03-29 12:52:41,200 - AUDIT - {"timestamp": "2026-03-29T12:52:41.200223", "action": "SUCCESS_user_registration", "user_id": null, "details": {}, "ip_address": null}
2026-03-29 12:54:27,430 - AUDIT - {"timestamp": "2026-03-29T12:54:27.429992", "action": "START_user_registration", "user_id": null, "details": {}, "ip_address": null}
2026-03-29 12:54:27,430 - AUDIT - {"timestamp": "2026-03-29T12:54:27.429992", "action": "START_user_registration", "user_id": null, "details": {}, "ip_address": null}
2026-03-29 12:54:27,430 - AUDIT - {"timestamp": "2026-03-29T12:54:27.429992", "action": "START_user_registration", "user_id": null, "details": {}, "ip_address": null}
2026-03-29 12:54:27,430 - AUDIT - {"timestamp": "2026-03-29T12:54:27.429992", "action": "START_user_registration", "user_id": null, "details": {}, "ip_address": null}
2026-03-29 12:54:27,430 - AUDIT - {"timestamp": "2026-03-29T12:54:27.429992", "action": "START_user_registration", "user_id": null, "details": {}, "ip_address": null}
2026-03-29 12:54:27,461 - AUDIT - {"timestamp": "2026-03-29T12:54:27.461643", "action": "SUCCESS_user_registration", "user_id": null, "details": {}, "ip_address": null}
2026-03-29 12:54:27,461 - AUDIT - {"timestamp": "2026-03-29T12:54:27.461643", "action": "SUCCESS_user_registration", "user_id": null, "details": {}, "ip_address": null}
2026-03-29 12:54:27,461 - AUDIT - {"timestamp": "2026-03-29T12:54:27.461643", "action": "SUCCESS_user_registration", "user_id": null, "details": {}, "ip_address": null}
2026-03-29 12:54:27,461 - AUDIT - {"timestamp": "2026-03-29T12:54:27.461643", "action": "SUCCESS_user_registration", "user_id": null, "details": {}, "ip_address": null}
2026-03-29 12:54:27,461 - AUDIT - {"timestamp": "2026-03-29T12:54:27.461643", "action": "SUCCESS_user_registration", "user_id": null, "details": {}, "ip_address": null}
2026-03-29 12:55:37,064 - AUDIT - {"timestamp": "2026-03-29T12:55:37.064595", "action": "START_user_registration", "user_id": null, "details": {}, "ip_address": null}
2026-03-29 12:55:37,064 - AUDIT - {"timestamp": "2026-03-29T12:55:37.064595", "action": "START_user_registration", "user_id": null, "details": {}, "ip_address": null}
2026-03-29 12:55:37,064 - AUDIT - {"timestamp": "2026-03-29T12:55:37.064595", "action": "START_user_registration", "user_id": null, "details": {}, "ip_address": null}
2026-03-29 12:55:37,064 - AUDIT - {"timestamp": "2026-03-29T12:55:37.064595", "action": "START_user_registration", "user_id": null, "details": {}, "ip_address": null}
2026-03-29 12:55:37,064 - AUDIT - {"timestamp": "2026-03-29T12:55:37.064595", "action": "START_user_registration", "user_id": null, "details": {}, "ip_address": null}
2026-03-29 12:55:37,064 - AUDIT - {"timestamp": "2026-03-29T12:55:37.064595", "action": "START_user_registration", "user_id": null, "details": {}, "ip_address": null}
2026-03-29 12:55:37,209 - AUDIT - {"timestamp": "2026-03-29T12:55:37.209614", "action": "SUCCESS_user_registration", "user_id": null, "details": {}, "ip_address": null}
2026-03-29 12:55:37,209 - AUDIT - {"timestamp": "2026-03-29T12:55:37.209614", "action": "SUCCESS_user_registration", "user_id": null, "details": {}, "ip_address": null}
2026-03-29 12:55:37,209 - AUDIT - {"timestamp": "2026-03-29T12:55:37.209614", "action": "SUCCESS_user_registration", "user_id": null, "details": {}, "ip_address": null}
2026-03-29 12:55:37,209 - AUDIT - {"timestamp": "2026-03-29T12:55:37.209614", "action": "SUCCESS_user_registration", "user_id": null, "details": {}, "ip_address": null}
2026-03-29 12:55:37,209 - AUDIT - {"timestamp": "2026-03-29T12:55:37.209614", "action": "SUCCESS_user_registration", "user_id": null, "details": {}, "ip_address": null}
2026-03-29 12:55:37,209 - AUDIT - {"timestamp": "2026-03-29T12:55:37.209614", "action": "SUCCESS_user_registration", "user_id": null, "details": {}, "ip_address": null}
2026-03-29 12:55:54,698 - AUDIT - {"timestamp": "2026-03-29T12:55:54.698220", "action": "LOGIN_SUCCESS", "user_id": 9, "details": {"ip": "127.0.0.1", "user_agent": "Mozilla/5.0 (Windows NT 10.0; Win64; x64) AppleWebKit/537.36 (KHTML, like Gecko) Chrome/146.0.0.0 Safari/537.36"}, "ip_address": null}
2026-03-29 12:55:54,698 - AUDIT - {"timestamp": "2026-03-29T12:55:54.698220", "action": "LOGIN_SUCCESS", "user_id": 9, "details": {"ip": "127.0.0.1", "user_agent": "Mozilla/5.0 (Windows NT 10.0; Win64; x64) AppleWebKit/537.36 (KHTML, like Gecko) Chrome/146.0.0.0 Safari/537.36"}, "ip_address": null}
2026-03-29 12:55:54,698 - AUDIT - {"timestamp": "2026-03-29T12:55:54.698220", "action": "LOGIN_SUCCESS", "user_id": 9, "details": {"ip": "127.0.0.1", "user_agent": "Mozilla/5.0 (Windows NT 10.0; Win64; x64) AppleWebKit/537.36 (KHTML, like Gecko) Chrome/146.0.0.0 Safari/537.36"}, "ip_address": null}
2026-03-29 12:55:54,698 - AUDIT - {"timestamp": "2026-03-29T12:55:54.698220", "action": "LOGIN_SUCCESS", "user_id": 9, "details": {"ip": "127.0.0.1", "user_agent": "Mozilla/5.0 (Windows NT 10.0; Win64; x64) AppleWebKit/537.36 (KHTML, like Gecko) Chrome/146.0.0.0 Safari/537.36"}, "ip_address": null}
2026-03-29 12:55:54,698 - AUDIT - {"timestamp": "2026-03-29T12:55:54.698220", "action": "LOGIN_SUCCESS", "user_id": 9, "details": {"ip": "127.0.0.1", "user_agent": "Mozilla/5.0 (Windows NT 10.0; Win64; x64) AppleWebKit/537.36 (KHTML, like Gecko) Chrome/146.0.0.0 Safari/537.36"}, "ip_address": null}
2026-03-29 12:55:54,698 - AUDIT - {"timestamp": "2026-03-29T12:55:54.698220", "action": "LOGIN_SUCCESS", "user_id": 9, "details": {"ip": "127.0.0.1", "user_agent": "Mozilla/5.0 (Windows NT 10.0; Win64; x64) AppleWebKit/537.36 (KHTML, like Gecko) Chrome/146.0.0.0 Safari/537.36"}, "ip_address": null}
2026-04-01 08:48:23,284 - AUDIT - {"timestamp": "2026-04-01T08:48:23.284377", "action": "LOGIN_SUCCESS", "user_id": 9, "details": {"ip": "127.0.0.1", "user_agent": "Mozilla/5.0 (Windows NT 10.0; Win64; x64) AppleWebKit/537.36 (KHTML, like Gecko) Chrome/146.0.0.0 Safari/537.36"}, "ip_address": null}
2026-04-08 06:23:45,161 - AUDIT - {"timestamp": "2026-04-08T06:23:45.161682", "action": "LOGIN_SUCCESS", "user_id": 9, "details": {"ip": "127.0.0.1", "user_agent": "Mozilla/5.0 (Windows NT 10.0; Win64; x64) AppleWebKit/537.36 (KHTML, like Gecko) Chrome/146.0.0.0 Safari/537.36"}, "ip_address": null}
2026-04-14 10:04:23,136 - AUDIT - {"timestamp": "2026-04-14T10:04:23.136177", "action": "START_user_registration", "user_id": null, "details": {}, "ip_address": null}
2026-04-14 10:04:23,136 - AUDIT - {"timestamp": "2026-04-14T10:04:23.136177", "action": "START_user_registration", "user_id": null, "details": {}, "ip_address": null}
2026-04-14 10:04:23,142 - AUDIT - {"timestamp": "2026-04-14T10:04:23.142319", "action": "SUCCESS_user_registration", "user_id": null, "details": {}, "ip_address": null}
2026-04-14 10:04:23,142 - AUDIT - {"timestamp": "2026-04-14T10:04:23.142319", "action": "SUCCESS_user_registration", "user_id": null, "details": {}, "ip_address": null}
2026-06-28 16:43:07,726 - AUDIT - {"timestamp": "2026-06-28T16:43:07.726680", "action": "LOGIN_FAILED", "user_id": null, "details": {"login_field": "imo@gmail.com", "ip": "127.0.0.1"}, "ip_address": null}
2026-06-28 16:44:08,270 - AUDIT - {"timestamp": "2026-06-28T16:44:08.270552", "action": "START_user_registration", "user_id": null, "details": {}, "ip_address": null}
2026-06-28 16:44:08,270 - AUDIT - {"timestamp": "2026-06-28T16:44:08.270552", "action": "START_user_registration", "user_id": null, "details": {}, "ip_address": null}
2026-06-28 16:44:08,409 - AUDIT - {"timestamp": "2026-06-28T16:44:08.409654", "action": "SUCCESS_user_registration", "user_id": null, "details": {}, "ip_address": null}
2026-06-28 16:44:08,409 - AUDIT - {"timestamp": "2026-06-28T16:44:08.409654", "action": "SUCCESS_user_registration", "user_id": null, "details": {}, "ip_address": null}
2026-06-28 16:46:32,050 - AUDIT - {"timestamp": "2026-06-28T16:46:32.050687", "action": "START_user_registration", "user_id": null, "details": {}, "ip_address": null}
2026-06-28 16:46:32,050 - AUDIT - {"timestamp": "2026-06-28T16:46:32.050687", "action": "START_user_registration", "user_id": null, "details": {}, "ip_address": null}
2026-06-28 16:46:32,050 - AUDIT - {"timestamp": "2026-06-28T16:46:32.050687", "action": "START_user_registration", "user_id": null, "details": {}, "ip_address": null}
2026-06-28 16:46:32,413 - AUDIT - {"timestamp": "2026-06-28T16:46:32.413686", "action": "SUCCESS_user_registration", "user_id": null, "details": {}, "ip_address": null}
2026-06-28 16:46:32,413 - AUDIT - {"timestamp": "2026-06-28T16:46:32.413686", "action": "SUCCESS_user_registration", "user_id": null, "details": {}, "ip_address": null}
2026-06-28 16:46:32,413 - AUDIT - {"timestamp": "2026-06-28T16:46:32.413686", "action": "SUCCESS_user_registration", "user_id": null, "details": {}, "ip_address": null}
2026-06-28 16:46:48,157 - AUDIT - {"timestamp": "2026-06-28T16:46:48.157363", "action": "LOGIN_SUCCESS", "user_id": 10, "details": {"ip": "127.0.0.1", "user_agent": "Mozilla/5.0 (Windows NT 10.0; Win64; x64) AppleWebKit/537.36 (KHTML, like Gecko) Chrome/148.0.0.0 Safari/537.36"}, "ip_address": null}
2026-06-28 16:46:48,157 - AUDIT - {"timestamp": "2026-06-28T16:46:48.157363", "action": "LOGIN_SUCCESS", "user_id": 10, "details": {"ip": "127.0.0.1", "user_agent": "Mozilla/5.0 (Windows NT 10.0; Win64; x64) AppleWebKit/537.36 (KHTML, like Gecko) Chrome/148.0.0.0 Safari/537.36"}, "ip_address": null}
2026-06-28 16:46:48,157 - AUDIT - {"timestamp": "2026-06-28T16:46:48.157363", "action": "LOGIN_SUCCESS", "user_id": 10, "details": {"ip": "127.0.0.1", "user_agent": "Mozilla/5.0 (Windows NT 10.0; Win64; x64) AppleWebKit/537.36 (KHTML, like Gecko) Chrome/148.0.0.0 Safari/537.36"}, "ip_address": null}
2026-06-28 17:08:47,841 - AUDIT - {"timestamp": "2026-06-28T17:08:47.841676", "action": "START_publish_product", "user_id": 10, "details": {}, "ip_address": null}
2026-06-28 17:08:47,841 - AUDIT - {"timestamp": "2026-06-28T17:08:47.841676", "action": "START_publish_product", "user_id": 10, "details": {}, "ip_address": null}
2026-06-28 17:08:47,940 - AUDIT - {"timestamp": "2026-06-28T17:08:47.940549", "action": "SUCCESS_publish_product", "user_id": 10, "details": {}, "ip_address": null}
2026-06-28 17:08:47,940 - AUDIT - {"timestamp": "2026-06-28T17:08:47.940549", "action": "SUCCESS_publish_product", "user_id": 10, "details": {}, "ip_address": null}
2026-07-02 16:01:18,197 - AUDIT - {"timestamp": "2026-07-02T16:01:18.197049", "action": "START_ADMIN_PANEL_ACCESS", "user_id": 10, "details": {}, "ip_address": null}
2026-07-02 16:01:18,197 - AUDIT - {"timestamp": "2026-07-02T16:01:18.197049", "action": "START_ADMIN_PANEL_ACCESS", "user_id": 10, "details": {}, "ip_address": null}
2026-07-02 16:01:18,454 - AUDIT - {"timestamp": "2026-07-02T16:01:18.454204", "action": "SUCCESS_ADMIN_PANEL_ACCESS", "user_id": 10, "details": {}, "ip_address": null}
2026-07-02 16:01:18,454 - AUDIT - {"timestamp": "2026-07-02T16:01:18.454204", "action": "SUCCESS_ADMIN_PANEL_ACCESS", "user_id": 10, "details": {}, "ip_address": null}
2026-07-02 16:02:11,045 - AUDIT - {"timestamp": "2026-07-02T16:02:11.045365", "action": "START_ADMIN_PANEL_ACCESS", "user_id": 10, "details": {}, "ip_address": null}
2026-07-02 16:02:11,045 - AUDIT - {"timestamp": "2026-07-02T16:02:11.045365", "action": "START_ADMIN_PANEL_ACCESS", "user_id": 10, "details": {}, "ip_address": null}
2026-07-02 16:02:11,045 - AUDIT - {"timestamp": "2026-07-02T16:02:11.045365", "action": "START_ADMIN_PANEL_ACCESS", "user_id": 10, "details": {}, "ip_address": null}
2026-07-02 16:02:11,050 - AUDIT - {"timestamp": "2026-07-02T16:02:11.050290", "action": "SUCCESS_ADMIN_PANEL_ACCESS", "user_id": 10, "details": {}, "ip_address": null}
2026-07-02 16:02:11,050 - AUDIT - {"timestamp": "2026-07-02T16:02:11.050290", "action": "SUCCESS_ADMIN_PANEL_ACCESS", "user_id": 10, "details": {}, "ip_address": null}
2026-07-02 16:02:11,050 - AUDIT - {"timestamp": "2026-07-02T16:02:11.050290", "action": "SUCCESS_ADMIN_PANEL_ACCESS", "user_id": 10, "details": {}, "ip_address": null}
2026-07-04 21:19:35,594 - AUDIT - {"timestamp": "2026-07-04T21:19:35.594715", "action": "LOGIN_SUCCESS", "user_id": 10, "details": {"ip": "127.0.0.1", "user_agent": "Mozilla/5.0 (Windows NT 10.0; Win64; x64) AppleWebKit/537.36 (KHTML, like Gecko) Chrome/148.0.0.0 Safari/537.36"}, "ip_address": null}
2026-07-20 12:37:16,996 - AUDIT - {"timestamp": "2026-07-20T12:37:16.996673", "action": "LOGIN_SUCCESS", "user_id": 1, "details": {"ip": "127.0.0.1", "user_agent": "curl/8.14.1"}, "ip_address": null}
2026-08-13 13:51:05,009 - AUDIT - {"timestamp": "2026-08-13T13:51:05.009145", "action": "LOGIN_SUCCESS", "user_id": 10, "details": {"ip": "127.0.0.1", "user_agent": "Mozilla/5.0 (Windows NT 10.0; Win64; x64) AppleWebKit/537.36 (KHTML, like Gecko) Chrome/151.0.0.0 Safari/537.36"}, "ip_address": null}
2026-09-07 23:20:20,012 - AUDIT - {"timestamp": "2026-09-07T23:20:20.012271", "action": "SUSPICIOUS_ACTIVITY", "user_id": null, "details": {"type": "unusual_login_time", "ip": "127.0.0.1"}, "ip_address": null}
2026-09-07 23:20:20,400 - AUDIT - {"timestamp": "2026-09-07T23:20:20.400726", "action": "LOGIN_SUCCESS", "user_id": 10, "details": {"ip": "127.0.0.1", "user_agent": "Mozilla/5.0 (Windows NT 10.0; Win64; x64) AppleWebKit/537.36 (KHTML, like Gecko) Chrome/151.0.0.0 Safari/537.36"}, "ip_address": null}
2026-09-07 23:21:10,982 - AUDIT - {"timestamp": "2026-09-07T23:21:10.982573", "action": "START_publish_product", "user_id": 10, "details": {}, "ip_address": null}
2026-09-07 23:21:10,982 - AUDIT - {"timestamp": "2026-09-07T23:21:10.982573", "action": "START_publish_product", "user_id": 10, "details": {}, "ip_address": null}
2026-09-07 23:21:11,063 - AUDIT - {"timestamp": "2026-09-07T23:21:11.063029", "action": "SUCCESS_publish_product", "user_id": 10, "details": {}, "ip_address": null}
2026-09-07 23:21:11,063 - AUDIT - {"timestamp": "2026-09-07T23:21:11.063029", "action": "SUCCESS_publish_product", "user_id": 10, "details": {}, "ip_address": null}
2026-09-07 23:23:26,637 - AUDIT - {"timestamp": "2026-09-07T23:23:26.637756", "action": "START_publish_product", "user_id": 10, "details": {}, "ip_address": null}
2026-09-07 23:23:26,637 - AUDIT - {"timestamp": "2026-09-07T23:23:26.637756", "action": "START_publish_product", "user_id": 10, "details": {}, "ip_address": null}
2026-09-07 23:23:26,637 - AUDIT - {"timestamp": "2026-09-07T23:23:26.637756", "action": "START_publish_product", "user_id": 10, "details": {}, "ip_address": null}
2026-09-07 23:23:26,641 - AUDIT - {"timestamp": "2026-09-07T23:23:26.641819", "action": "SUCCESS_publish_product", "user_id": 10, "details": {}, "ip_address": null}
2026-09-07 23:23:26,641 - AUDIT - {"timestamp": "2026-09-07T23:23:26.641819", "action": "SUCCESS_publish_product", "user_id": 10, "details": {}, "ip_address": null}
2026-09-07 23:23:26,641 - AUDIT - {"timestamp": "2026-09-07T23:23:26.641819", "action": "SUCCESS_publish_product", "user_id": 10, "details": {}, "ip_address": null}
2026-09-07 23:27:39,228 - AUDIT - {"timestamp": "2026-09-07T23:27:39.228183", "action": "SUSPICIOUS_ACTIVITY", "user_id": null, "details": {"type": "unusual_login_time", "ip": "127.0.0.1"}, "ip_address": null}
2026-09-07 23:27:39,333 - AUDIT - {"timestamp": "2026-09-07T23:27:39.333311", "action": "LOGIN_SUCCESS", "user_id": 10, "details": {"ip": "127.0.0.1", "user_agent": "Mozilla/5.0 (Windows NT 10.0; Win64; x64) AppleWebKit/537.36 (KHTML, like Gecko) Chrome/151.0.0.0 Safari/537.36"}, "ip_address": null}
2026-09-07 23:27:44,202 - AUDIT - {"timestamp": "2026-09-07T23:27:44.202160", "action": "START_publish_product", "user_id": 10, "details": {}, "ip_address": null}
2026-09-07 23:27:44,202 - AUDIT - {"timestamp": "2026-09-07T23:27:44.202160", "action": "START_publish_product", "user_id": 10, "details": {}, "ip_address": null}
2026-09-07 23:27:44,207 - AUDIT - {"timestamp": "2026-09-07T23:27:44.207877", "action": "SUCCESS_publish_product", "user_id": 10, "details": {}, "ip_address": null}
2026-09-07 23:27:44,207 - AUDIT - {"timestamp": "2026-09-07T23:27:44.207877", "action": "SUCCESS_publish_product", "user_id": 10, "details": {}, "ip_address": null}
2026-09-07 23:28:50,562 - AUDIT - {"timestamp": "2026-09-07T23:28:50.562444", "action": "START_publish_product", "user_id": 10, "details": {}, "ip_address": null}
2026-09-07 23:28:50,562 - AUDIT - {"timestamp": "2026-09-07T23:28:50.562444", "action": "START_publish_product", "user_id": 10, "details": {}, "ip_address": null}
2026-09-07 23:28:50,562 - AUDIT - {"timestamp": "2026-09-07T23:28:50.562444", "action": "START_publish_product", "user_id": 10, "details": {}, "ip_address": null}
2026-09-07 23:28:50,936 - AUDIT - {"timestamp": "2026-09-07T23:28:50.936760", "action": "SUCCESS_publish_product", "user_id": 10, "details": {}, "ip_address": null}
2026-09-07 23:28:50,936 - AUDIT - {"timestamp": "2026-09-07T23:28:50.936760", "action": "SUCCESS_publish_product", "user_id": 10, "details": {}, "ip_address": null}
2026-09-07 23:28:50,936 - AUDIT - {"timestamp": "2026-09-07T23:28:50.936760", "action": "SUCCESS_publish_product", "user_id": 10, "details": {}, "ip_address": null}
2026-09-07 23:32:18,322 - AUDIT - {"timestamp": "2026-09-07T23:32:18.322892", "action": "START_user_registration", "user_id": null, "details": {}, "ip_address": null}
2026-09-07 23:32:18,322 - AUDIT - {"timestamp": "2026-09-07T23:32:18.322892", "action": "START_user_registration", "user_id": null, "details": {}, "ip_address": null}
2026-09-07 23:32:18,322 - AUDIT - {"timestamp": "2026-09-07T23:32:18.322892", "action": "START_user_registration", "user_id": null, "details": {}, "ip_address": null}
2026-09-07 23:32:18,322 - AUDIT - {"timestamp": "2026-09-07T23:32:18.322892", "action": "START_user_registration", "user_id": null, "details": {}, "ip_address": null}
2026-09-07 23:32:18,454 - AUDIT - {"timestamp": "2026-09-07T23:32:18.454491", "action": "SUCCESS_user_registration", "user_id": null, "details": {}, "ip_address": null}
2026-09-07 23:32:18,454 - AUDIT - {"timestamp": "2026-09-07T23:32:18.454491", "action": "SUCCESS_user_registration", "user_id": null, "details": {}, "ip_address": null}
2026-09-07 23:32:18,454 - AUDIT - {"timestamp": "2026-09-07T23:32:18.454491", "action": "SUCCESS_user_registration", "user_id": null, "details": {}, "ip_address": null}
2026-09-07 23:32:18,454 - AUDIT - {"timestamp": "2026-09-07T23:32:18.454491", "action": "SUCCESS_user_registration", "user_id": null, "details": {}, "ip_address": null}
2026-09-07 23:33:35,914 - AUDIT - {"timestamp": "2026-09-07T23:33:35.914191", "action": "START_user_registration", "user_id": null, "details": {}, "ip_address": null}
2026-09-07 23:33:35,914 - AUDIT - {"timestamp": "2026-09-07T23:33:35.914191", "action": "START_user_registration", "user_id": null, "details": {}, "ip_address": null}
2026-09-07 23:33:35,914 - AUDIT - {"timestamp": "2026-09-07T23:33:35.914191", "action": "START_user_registration", "user_id": null, "details": {}, "ip_address": null}
2026-09-07 23:33:35,914 - AUDIT - {"timestamp": "2026-09-07T23:33:35.914191", "action": "START_user_registration", "user_id": null, "details": {}, "ip_address": null}
2026-09-07 23:33:35,914 - AUDIT - {"timestamp": "2026-09-07T23:33:35.914191", "action": "START_user_registration", "user_id": null, "details": {}, "ip_address": null}
2026-09-07 23:33:35,916 - AUDIT - {"timestamp": "2026-09-07T23:33:35.916432", "action": "SUCCESS_user_registration", "user_id": null, "details": {}, "ip_address": null}
2026-09-07 23:33:35,916 - AUDIT - {"timestamp": "2026-09-07T23:33:35.916432", "action": "SUCCESS_user_registration", "user_id": null, "details": {}, "ip_address": null}
2026-09-07 23:33:35,916 - AUDIT - {"timestamp": "2026-09-07T23:33:35.916432", "action": "SUCCESS_user_registration", "user_id": null, "details": {}, "ip_address": null}
2026-09-07 23:33:35,916 - AUDIT - {"timestamp": "2026-09-07T23:33:35.916432", "action": "SUCCESS_user_registration", "user_id": null, "details": {}, "ip_address": null}
2026-09-07 23:33:35,916 - AUDIT - {"timestamp": "2026-09-07T23:33:35.916432", "action": "SUCCESS_user_registration", "user_id": null, "details": {}, "ip_address": null}
2026-09-07 23:34:20,430 - AUDIT - {"timestamp": "2026-09-07T23:34:20.430164", "action": "SUSPICIOUS_ACTIVITY", "user_id": null, "details": {"type": "unusual_login_time", "ip": "127.0.0.1"}, "ip_address": null}
2026-09-07 23:34:20,430 - AUDIT - {"timestamp": "2026-09-07T23:34:20.430164", "action": "SUSPICIOUS_ACTIVITY", "user_id": null, "details": {"type": "unusual_login_time", "ip": "127.0.0.1"}, "ip_address": null}
2026-09-07 23:34:20,430 - AUDIT - {"timestamp": "2026-09-07T23:34:20.430164", "action": "SUSPICIOUS_ACTIVITY", "user_id": null, "details": {"type": "unusual_login_time", "ip": "127.0.0.1"}, "ip_address": null}
2026-09-07 23:34:20,430 - AUDIT - {"timestamp": "2026-09-07T23:34:20.430164", "action": "SUSPICIOUS_ACTIVITY", "user_id": null, "details": {"type": "unusual_login_time", "ip": "127.0.0.1"}, "ip_address": null}
2026-09-07 23:34:20,430 - AUDIT - {"timestamp": "2026-09-07T23:34:20.430164", "action": "SUSPICIOUS_ACTIVITY", "user_id": null, "details": {"type": "unusual_login_time", "ip": "127.0.0.1"}, "ip_address": null}
2026-09-07 23:34:20,596 - AUDIT - {"timestamp": "2026-09-07T23:34:20.596373", "action": "LOGIN_FAILED", "user_id": null, "details": {"login_field": "imamo@gmail.com", "ip": "127.0.0.1"}, "ip_address": null}
2026-09-07 23:34:20,596 - AUDIT - {"timestamp": "2026-09-07T23:34:20.596373", "action": "LOGIN_FAILED", "user_id": null, "details": {"login_field": "imamo@gmail.com", "ip": "127.0.0.1"}, "ip_address": null}
2026-09-07 23:34:20,596 - AUDIT - {"timestamp": "2026-09-07T23:34:20.596373", "action": "LOGIN_FAILED", "user_id": null, "details": {"login_field": "imamo@gmail.com", "ip": "127.0.0.1"}, "ip_address": null}
2026-09-07 23:34:20,596 - AUDIT - {"timestamp": "2026-09-07T23:34:20.596373", "action": "LOGIN_FAILED", "user_id": null, "details": {"login_field": "imamo@gmail.com", "ip": "127.0.0.1"}, "ip_address": null}
2026-09-07 23:34:20,596 - AUDIT - {"timestamp": "2026-09-07T23:34:20.596373", "action": "LOGIN_FAILED", "user_id": null, "details": {"login_field": "imamo@gmail.com", "ip": "127.0.0.1"}, "ip_address": null}
2026-09-07 23:34:39,065 - AUDIT - {"timestamp": "2026-09-07T23:34:39.065012", "action": "SUSPICIOUS_ACTIVITY", "user_id": null, "details": {"type": "unusual_login_time", "ip": "127.0.0.1"}, "ip_address": null}
2026-09-07 23:34:39,065 - AUDIT - {"timestamp": "2026-09-07T23:34:39.065012", "action": "SUSPICIOUS_ACTIVITY", "user_id": null, "details": {"type": "unusual_login_time", "ip": "127.0.0.1"}, "ip_address": null}
2026-09-07 23:34:39,065 - AUDIT - {"timestamp": "2026-09-07T23:34:39.065012", "action": "SUSPICIOUS_ACTIVITY", "user_id": null, "details": {"type": "unusual_login_time", "ip": "127.0.0.1"}, "ip_address": null}
2026-09-07 23:34:39,065 - AUDIT - {"timestamp": "2026-09-07T23:34:39.065012", "action": "SUSPICIOUS_ACTIVITY", "user_id": null, "details": {"type": "unusual_login_time", "ip": "127.0.0.1"}, "ip_address": null}
2026-09-07 23:34:39,065 - AUDIT - {"timestamp": "2026-09-07T23:34:39.065012", "action": "SUSPICIOUS_ACTIVITY", "user_id": null, "details": {"type": "unusual_login_time", "ip": "127.0.0.1"}, "ip_address": null}
2026-09-07 23:34:39,297 - AUDIT - {"timestamp": "2026-09-07T23:34:39.297414", "action": "LOGIN_FAILED", "user_id": null, "details": {"login_field": "imamo@gmail.com", "ip": "127.0.0.1"}, "ip_address": null}
2026-09-07 23:34:39,297 - AUDIT - {"timestamp": "2026-09-07T23:34:39.297414", "action": "LOGIN_FAILED", "user_id": null, "details": {"login_field": "imamo@gmail.com", "ip": "127.0.0.1"}, "ip_address": null}
2026-09-07 23:34:39,297 - AUDIT - {"timestamp": "2026-09-07T23:34:39.297414", "action": "LOGIN_FAILED", "user_id": null, "details": {"login_field": "imamo@gmail.com", "ip": "127.0.0.1"}, "ip_address": null}
2026-09-07 23:34:39,297 - AUDIT - {"timestamp": "2026-09-07T23:34:39.297414", "action": "LOGIN_FAILED", "user_id": null, "details": {"login_field": "imamo@gmail.com", "ip": "127.0.0.1"}, "ip_address": null}
2026-09-07 23:34:39,297 - AUDIT - {"timestamp": "2026-09-07T23:34:39.297414", "action": "LOGIN_FAILED", "user_id": null, "details": {"login_field": "imamo@gmail.com", "ip": "127.0.0.1"}, "ip_address": null}
2026-09-07 23:35:02,312 - AUDIT - {"timestamp": "2026-09-07T23:35:02.312093", "action": "SUSPICIOUS_ACTIVITY", "user_id": null, "details": {"type": "unusual_login_time", "ip": "127.0.0.1"}, "ip_address": null}
2026-09-07 23:35:02,312 - AUDIT - {"timestamp": "2026-09-07T23:35:02.312093", "action": "SUSPICIOUS_ACTIVITY", "user_id": null, "details": {"type": "unusual_login_time", "ip": "127.0.0.1"}, "ip_address": null}
2026-09-07 23:35:02,312 - AUDIT - {"timestamp": "2026-09-07T23:35:02.312093", "action": "SUSPICIOUS_ACTIVITY", "user_id": null, "details": {"type": "unusual_login_time", "ip": "127.0.0.1"}, "ip_address": null}
2026-09-07 23:35:02,312 - AUDIT - {"timestamp": "2026-09-07T23:35:02.312093", "action": "SUSPICIOUS_ACTIVITY", "user_id": null, "details": {"type": "unusual_login_time", "ip": "127.0.0.1"}, "ip_address": null}
2026-09-07 23:35:02,312 - AUDIT - {"timestamp": "2026-09-07T23:35:02.312093", "action": "SUSPICIOUS_ACTIVITY", "user_id": null, "details": {"type": "unusual_login_time", "ip": "127.0.0.1"}, "ip_address": null}
2026-09-07 23:35:02,313 - AUDIT - {"timestamp": "2026-09-07T23:35:02.313223", "action": "LOGIN_FAILED", "user_id": null, "details": {"login_field": "852600110", "ip": "127.0.0.1"}, "ip_address": null}
2026-09-07 23:35:02,313 - AUDIT - {"timestamp": "2026-09-07T23:35:02.313223", "action": "LOGIN_FAILED", "user_id": null, "details": {"login_field": "852600110", "ip": "127.0.0.1"}, "ip_address": null}
2026-09-07 23:35:02,313 - AUDIT - {"timestamp": "2026-09-07T23:35:02.313223", "action": "LOGIN_FAILED", "user_id": null, "details": {"login_field": "852600110", "ip": "127.0.0.1"}, "ip_address": null}
2026-09-07 23:35:02,313 - AUDIT - {"timestamp": "2026-09-07T23:35:02.313223", "action": "LOGIN_FAILED", "user_id": null, "details": {"login_field": "852600110", "ip": "127.0.0.1"}, "ip_address": null}
2026-09-07 23:35:02,313 - AUDIT - {"timestamp": "2026-09-07T23:35:02.313223", "action": "LOGIN_FAILED", "user_id": null, "details": {"login_field": "852600110", "ip": "127.0.0.1"}, "ip_address": null}
2026-09-07 23:35:22,519 - AUDIT - {"timestamp": "2026-09-07T23:35:22.519705", "action": "START_user_registration", "user_id": null, "details": {}, "ip_address": null}
2026-09-07 23:35:22,519 - AUDIT - {"timestamp": "2026-09-07T23:35:22.519705", "action": "START_user_registration", "user_id": null, "details": {}, "ip_address": null}
2026-09-07 23:35:22,519 - AUDIT - {"timestamp": "2026-09-07T23:35:22.519705", "action": "START_user_registration", "user_id": null, "details": {}, "ip_address": null}
2026-09-07 23:35:22,519 - AUDIT - {"timestamp": "2026-09-07T23:35:22.519705", "action": "START_user_registration", "user_id": null, "details": {}, "ip_address": null}
2026-09-07 23:35:22,519 - AUDIT - {"timestamp": "2026-09-07T23:35:22.519705", "action": "START_user_registration", "user_id": null, "details": {}, "ip_address": null}
2026-09-07 23:35:22,519 - AUDIT - {"timestamp": "2026-09-07T23:35:22.519705", "action": "START_user_registration", "user_id": null, "details": {}, "ip_address": null}
2026-09-07 23:35:22,520 - AUDIT - {"timestamp": "2026-09-07T23:35:22.520141", "action": "SUCCESS_user_registration", "user_id": null, "details": {}, "ip_address": null}
2026-09-07 23:35:22,520 - AUDIT - {"timestamp": "2026-09-07T23:35:22.520141", "action": "SUCCESS_user_registration", "user_id": null, "details": {}, "ip_address": null}
2026-09-07 23:35:22,520 - AUDIT - {"timestamp": "2026-09-07T23:35:22.520141", "action": "SUCCESS_user_registration", "user_id": null, "details": {}, "ip_address": null}
2026-09-07 23:35:22,520 - AUDIT - {"timestamp": "2026-09-07T23:35:22.520141", "action": "SUCCESS_user_registration", "user_id": null, "details": {}, "ip_address": null}
2026-09-07 23:35:22,520 - AUDIT - {"timestamp": "2026-09-07T23:35:22.520141", "action": "SUCCESS_user_registration", "user_id": null, "details": {}, "ip_address": null}
2026-09-07 23:35:22,520 - AUDIT - {"timestamp": "2026-09-07T23:35:22.520141", "action": "SUCCESS_user_registration", "user_id": null, "details": {}, "ip_address": null}
2026-09-07 23:36:40,299 - AUDIT - {"timestamp": "2026-09-07T23:36:40.299416", "action": "START_user_registration", "user_id": null, "details": {}, "ip_address": null}
2026-09-07 23:36:40,299 - AUDIT - {"timestamp": "2026-09-07T23:36:40.299416", "action": "START_user_registration", "user_id": null, "details": {}, "ip_address": null}
2026-09-07 23:36:40,299 - AUDIT - {"timestamp": "2026-09-07T23:36:40.299416", "action": "START_user_registration", "user_id": null, "details": {}, "ip_address": null}
2026-09-07 23:36:40,299 - AUDIT - {"timestamp": "2026-09-07T23:36:40.299416", "action": "START_user_registration", "user_id": null, "details": {}, "ip_address": null}
2026-09-07 23:36:40,299 - AUDIT - {"timestamp": "2026-09-07T23:36:40.299416", "action": "START_user_registration", "user_id": null, "details": {}, "ip_address": null}
2026-09-07 23:36:40,299 - AUDIT - {"timestamp": "2026-09-07T23:36:40.299416", "action": "START_user_registration", "user_id": null, "details": {}, "ip_address": null}
2026-09-07 23:36:40,299 - AUDIT - {"timestamp": "2026-09-07T23:36:40.299416", "action": "START_user_registration", "user_id": null, "details": {}, "ip_address": null}
2026-09-07 23:36:40,301 - AUDIT - {"timestamp": "2026-09-07T23:36:40.301128", "action": "SUCCESS_user_registration", "user_id": null, "details": {}, "ip_address": null}
2026-09-07 23:36:40,301 - AUDIT - {"timestamp": "2026-09-07T23:36:40.301128", "action": "SUCCESS_user_registration", "user_id": null, "details": {}, "ip_address": null}
2026-09-07 23:36:40,301 - AUDIT - {"timestamp": "2026-09-07T23:36:40.301128", "action": "SUCCESS_user_registration", "user_id": null, "details": {}, "ip_address": null}
2026-09-07 23:36:40,301 - AUDIT - {"timestamp": "2026-09-07T23:36:40.301128", "action": "SUCCESS_user_registration", "user_id": null, "details": {}, "ip_address": null}
2026-09-07 23:36:40,301 - AUDIT - {"timestamp": "2026-09-07T23:36:40.301128", "action": "SUCCESS_user_registration", "user_id": null, "details": {}, "ip_address": null}
2026-09-07 23:36:40,301 - AUDIT - {"timestamp": "2026-09-07T23:36:40.301128", "action": "SUCCESS_user_registration", "user_id": null, "details": {}, "ip_address": null}
2026-09-07 23:36:40,301 - AUDIT - {"timestamp": "2026-09-07T23:36:40.301128", "action": "SUCCESS_user_registration", "user_id": null, "details": {}, "ip_address": null}
2026-09-07 23:37:37,657 - AUDIT - {"timestamp": "2026-09-07T23:37:37.657471", "action": "START_user_registration", "user_id": null, "details": {}, "ip_address": null}
2026-09-07 23:37:37,657 - AUDIT - {"timestamp": "2026-09-07T23:37:37.657471", "action": "START_user_registration", "user_id": null, "details": {}, "ip_address": null}
2026-09-07 23:37:37,657 - AUDIT - {"timestamp": "2026-09-07T23:37:37.657471", "action": "START_user_registration", "user_id": null, "details": {}, "ip_address": null}
2026-09-07 23:37:37,657 - AUDIT - {"timestamp": "2026-09-07T23:37:37.657471", "action": "START_user_registration", "user_id": null, "details": {}, "ip_address": null}
2026-09-07 23:37:37,657 - AUDIT - {"timestamp": "2026-09-07T23:37:37.657471", "action": "START_user_registration", "user_id": null, "details": {}, "ip_address": null}
2026-09-07 23:37:37,657 - AUDIT - {"timestamp": "2026-09-07T23:37:37.657471", "action": "START_user_registration", "user_id": null, "details": {}, "ip_address": null}
2026-09-07 23:37:37,657 - AUDIT - {"timestamp": "2026-09-07T23:37:37.657471", "action": "START_user_registration", "user_id": null, "details": {}, "ip_address": null}
2026-09-07 23:37:37,657 - AUDIT - {"timestamp": "2026-09-07T23:37:37.657471", "action": "START_user_registration", "user_id": null, "details": {}, "ip_address": null}
2026-09-07 23:37:37,736 - AUDIT - {"timestamp": "2026-09-07T23:37:37.736160", "action": "SUCCESS_user_registration", "user_id": null, "details": {}, "ip_address": null}
2026-09-07 23:37:37,736 - AUDIT - {"timestamp": "2026-09-07T23:37:37.736160", "action": "SUCCESS_user_registration", "user_id": null, "details": {}, "ip_address": null}
2026-09-07 23:37:37,736 - AUDIT - {"timestamp": "2026-09-07T23:37:37.736160", "action": "SUCCESS_user_registration", "user_id": null, "details": {}, "ip_address": null}
2026-09-07 23:37:37,736 - AUDIT - {"timestamp": "2026-09-07T23:37:37.736160", "action": "SUCCESS_user_registration", "user_id": null, "details": {}, "ip_address": null}
2026-09-07 23:37:37,736 - AUDIT - {"timestamp": "2026-09-07T23:37:37.736160", "action": "SUCCESS_user_registration", "user_id": null, "details": {}, "ip_address": null}
2026-09-07 23:37:37,736 - AUDIT - {"timestamp": "2026-09-07T23:37:37.736160", "action": "SUCCESS_user_registration", "user_id": null, "details": {}, "ip_address": null}
2026-09-07 23:37:37,736 - AUDIT - {"timestamp": "2026-09-07T23:37:37.736160", "action": "SUCCESS_user_registration", "user_id": null, "details": {}, "ip_address": null}
2026-09-07 23:37:37,736 - AUDIT - {"timestamp": "2026-09-07T23:37:37.736160", "action": "SUCCESS_user_registration", "user_id": null, "details": {}, "ip_address": null}
2026-09-07 23:38:29,439 - AUDIT - {"timestamp": "2026-09-07T23:38:29.439016", "action": "START_user_registration", "user_id": null, "details": {}, "ip_address": null}
2026-09-07 23:38:29,439 - AUDIT - {"timestamp": "2026-09-07T23:38:29.439016", "action": "START_user_registration", "user_id": null, "details": {}, "ip_address": null}
2026-09-07 23:38:29,439 - AUDIT - {"timestamp": "2026-09-07T23:38:29.439016", "action": "START_user_registration", "user_id": null, "details": {}, "ip_address": null}
2026-09-07 23:38:29,439 - AUDIT - {"timestamp": "2026-09-07T23:38:29.439016", "action": "START_user_registration", "user_id": null, "details": {}, "ip_address": null}
2026-09-07 23:38:29,439 - AUDIT - {"timestamp": "2026-09-07T23:38:29.439016", "action": "START_user_registration", "user_id": null, "details": {}, "ip_address": null}
2026-09-07 23:38:29,439 - AUDIT - {"timestamp": "2026-09-07T23:38:29.439016", "action": "START_user_registration", "user_id": null, "details": {}, "ip_address": null}
2026-09-07 23:38:29,439 - AUDIT - {"timestamp": "2026-09-07T23:38:29.439016", "action": "START_user_registration", "user_id": null, "details": {}, "ip_address": null}
2026-09-07 23:38:29,439 - AUDIT - {"timestamp": "2026-09-07T23:38:29.439016", "action": "START_user_registration", "user_id": null, "details": {}, "ip_address": null}
2026-09-07 23:38:29,439 - AUDIT - {"timestamp": "2026-09-07T23:38:29.439016", "action": "START_user_registration", "user_id": null, "details": {}, "ip_address": null}
2026-09-07 23:38:29,876 - AUDIT - {"timestamp": "2026-09-07T23:38:29.876967", "action": "SUCCESS_user_registration", "user_id": null, "details": {}, "ip_address": null}
2026-09-07 23:38:29,876 - AUDIT - {"timestamp": "2026-09-07T23:38:29.876967", "action": "SUCCESS_user_registration", "user_id": null, "details": {}, "ip_address": null}
2026-09-07 23:38:29,876 - AUDIT - {"timestamp": "2026-09-07T23:38:29.876967", "action": "SUCCESS_user_registration", "user_id": null, "details": {}, "ip_address": null}
2026-09-07 23:38:29,876 - AUDIT - {"timestamp": "2026-09-07T23:38:29.876967", "action": "SUCCESS_user_registration", "user_id": null, "details": {}, "ip_address": null}
2026-09-07 23:38:29,876 - AUDIT - {"timestamp": "2026-09-07T23:38:29.876967", "action": "SUCCESS_user_registration", "user_id": null, "details": {}, "ip_address": null}
2026-09-07 23:38:29,876 - AUDIT - {"timestamp": "2026-09-07T23:38:29.876967", "action": "SUCCESS_user_registration", "user_id": null, "details": {}, "ip_address": null}
2026-09-07 23:38:29,876 - AUDIT - {"timestamp": "2026-09-07T23:38:29.876967", "action": "SUCCESS_user_registration", "user_id": null, "details": {}, "ip_address": null}
2026-09-07 23:38:29,876 - AUDIT - {"timestamp": "2026-09-07T23:38:29.876967", "action": "SUCCESS_user_registration", "user_id": null, "details": {}, "ip_address": null}
2026-09-07 23:38:29,876 - AUDIT - {"timestamp": "2026-09-07T23:38:29.876967", "action": "SUCCESS_user_registration", "user_id": null, "details": {}, "ip_address": null}
2026-09-07 23:38:39,032 - AUDIT - {"timestamp": "2026-09-07T23:38:39.032417", "action": "SUSPICIOUS_ACTIVITY", "user_id": null, "details": {"type": "unusual_login_time", "ip": "127.0.0.1"}, "ip_address": null}
2026-09-07 23:38:39,032 - AUDIT - {"timestamp": "2026-09-07T23:38:39.032417", "action": "SUSPICIOUS_ACTIVITY", "user_id": null, "details": {"type": "unusual_login_time", "ip": "127.0.0.1"}, "ip_address": null}
2026-09-07 23:38:39,032 - AUDIT - {"timestamp": "2026-09-07T23:38:39.032417", "action": "SUSPICIOUS_ACTIVITY", "user_id": null, "details": {"type": "unusual_login_time", "ip": "127.0.0.1"}, "ip_address": null}
2026-09-07 23:38:39,032 - AUDIT - {"timestamp": "2026-09-07T23:38:39.032417", "action": "SUSPICIOUS_ACTIVITY", "user_id": null, "details": {"type": "unusual_login_time", "ip": "127.0.0.1"}, "ip_address": null}
2026-09-07 23:38:39,032 - AUDIT - {"timestamp": "2026-09-07T23:38:39.032417", "action": "SUSPICIOUS_ACTIVITY", "user_id": null, "details": {"type": "unusual_login_time", "ip": "127.0.0.1"}, "ip_address": null}
2026-09-07 23:38:39,032 - AUDIT - {"timestamp": "2026-09-07T23:38:39.032417", "action": "SUSPICIOUS_ACTIVITY", "user_id": null, "details": {"type": "unusual_login_time", "ip": "127.0.0.1"}, "ip_address": null}
2026-09-07 23:38:39,032 - AUDIT - {"timestamp": "2026-09-07T23:38:39.032417", "action": "SUSPICIOUS_ACTIVITY", "user_id": null, "details": {"type": "unusual_login_time", "ip": "127.0.0.1"}, "ip_address": null}
2026-09-07 23:38:39,032 - AUDIT - {"timestamp": "2026-09-07T23:38:39.032417", "action": "SUSPICIOUS_ACTIVITY", "user_id": null, "details": {"type": "unusual_login_time", "ip": "127.0.0.1"}, "ip_address": null}
2026-09-07 23:38:39,032 - AUDIT - {"timestamp": "2026-09-07T23:38:39.032417", "action": "SUSPICIOUS_ACTIVITY", "user_id": null, "details": {"type": "unusual_login_time", "ip": "127.0.0.1"}, "ip_address": null}
2026-09-07 23:38:39,265 - AUDIT - {"timestamp": "2026-09-07T23:38:39.265540", "action": "LOGIN_SUCCESS", "user_id": 11, "details": {"ip": "127.0.0.1", "user_agent": "Mozilla/5.0 (Windows NT 10.0; Win64; x64) AppleWebKit/537.36 (KHTML, like Gecko) Chrome/151.0.0.0 Safari/537.36"}, "ip_address": null}
2026-09-07 23:38:39,265 - AUDIT - {"timestamp": "2026-09-07T23:38:39.265540", "action": "LOGIN_SUCCESS", "user_id": 11, "details": {"ip": "127.0.0.1", "user_agent": "Mozilla/5.0 (Windows NT 10.0; Win64; x64) AppleWebKit/537.36 (KHTML, like Gecko) Chrome/151.0.0.0 Safari/537.36"}, "ip_address": null}
2026-09-07 23:38:39,265 - AUDIT - {"timestamp": "2026-09-07T23:38:39.265540", "action": "LOGIN_SUCCESS", "user_id": 11, "details": {"ip": "127.0.0.1", "user_agent": "Mozilla/5.0 (Windows NT 10.0; Win64; x64) AppleWebKit/537.36 (KHTML, like Gecko) Chrome/151.0.0.0 Safari/537.36"}, "ip_address": null}
2026-09-07 23:38:39,265 - AUDIT - {"timestamp": "2026-09-07T23:38:39.265540", "action": "LOGIN_SUCCESS", "user_id": 11, "details": {"ip": "127.0.0.1", "user_agent": "Mozilla/5.0 (Windows NT 10.0; Win64; x64) AppleWebKit/537.36 (KHTML, like Gecko) Chrome/151.0.0.0 Safari/537.36"}, "ip_address": null}
2026-09-07 23:38:39,265 - AUDIT - {"timestamp": "2026-09-07T23:38:39.265540", "action": "LOGIN_SUCCESS", "user_id": 11, "details": {"ip": "127.0.0.1", "user_agent": "Mozilla/5.0 (Windows NT 10.0; Win64; x64) AppleWebKit/537.36 (KHTML, like Gecko) Chrome/151.0.0.0 Safari/537.36"}, "ip_address": null}
2026-09-07 23:38:39,265 - AUDIT - {"timestamp": "2026-09-07T23:38:39.265540", "action": "LOGIN_SUCCESS", "user_id": 11, "details": {"ip": "127.0.0.1", "user_agent": "Mozilla/5.0 (Windows NT 10.0; Win64; x64) AppleWebKit/537.36 (KHTML, like Gecko) Chrome/151.0.0.0 Safari/537.36"}, "ip_address": null}
2026-09-07 23:38:39,265 - AUDIT - {"timestamp": "2026-09-07T23:38:39.265540", "action": "LOGIN_SUCCESS", "user_id": 11, "details": {"ip": "127.0.0.1", "user_agent": "Mozilla/5.0 (Windows NT 10.0; Win64; x64) AppleWebKit/537.36 (KHTML, like Gecko) Chrome/151.0.0.0 Safari/537.36"}, "ip_address": null}
2026-09-07 23:38:39,265 - AUDIT - {"timestamp": "2026-09-07T23:38:39.265540", "action": "LOGIN_SUCCESS", "user_id": 11, "details": {"ip": "127.0.0.1", "user_agent": "Mozilla/5.0 (Windows NT 10.0; Win64; x64) AppleWebKit/537.36 (KHTML, like Gecko) Chrome/151.0.0.0 Safari/537.36"}, "ip_address": null}
2026-09-07 23:38:39,265 - AUDIT - {"timestamp": "2026-09-07T23:38:39.265540", "action": "LOGIN_SUCCESS", "user_id": 11, "details": {"ip": "127.0.0.1", "user_agent": "Mozilla/5.0 (Windows NT 10.0; Win64; x64) AppleWebKit/537.36 (KHTML, like Gecko) Chrome/151.0.0.0 Safari/537.36"}, "ip_address": null}
2026-09-07 23:38:55,003 - AUDIT - {"timestamp": "2026-09-07T23:38:55.003496", "action": "START_user_registration", "user_id": null, "details": {}, "ip_address": null}
2026-09-07 23:38:55,003 - AUDIT - {"timestamp": "2026-09-07T23:38:55.003496", "action": "START_user_registration", "user_id": null, "details": {}, "ip_address": null}
2026-09-07 23:38:55,003 - AUDIT - {"timestamp": "2026-09-07T23:38:55.003496", "action": "START_user_registration", "user_id": null, "details": {}, "ip_address": null}
2026-09-07 23:38:55,003 - AUDIT - {"timestamp": "2026-09-07T23:38:55.003496", "action": "START_user_registration", "user_id": null, "details": {}, "ip_address": null}
2026-09-07 23:38:55,003 - AUDIT - {"timestamp": "2026-09-07T23:38:55.003496", "action": "START_user_registration", "user_id": null, "details": {}, "ip_address": null}
2026-09-07 23:38:55,003 - AUDIT - {"timestamp": "2026-09-07T23:38:55.003496", "action": "START_user_registration", "user_id": null, "details": {}, "ip_address": null}
2026-09-07 23:38:55,003 - AUDIT - {"timestamp": "2026-09-07T23:38:55.003496", "action": "START_user_registration", "user_id": null, "details": {}, "ip_address": null}
2026-09-07 23:38:55,003 - AUDIT - {"timestamp": "2026-09-07T23:38:55.003496", "action": "START_user_registration", "user_id": null, "details": {}, "ip_address": null}
2026-09-07 23:38:55,003 - AUDIT - {"timestamp": "2026-09-07T23:38:55.003496", "action": "START_user_registration", "user_id": null, "details": {}, "ip_address": null}
2026-09-07 23:38:55,003 - AUDIT - {"timestamp": "2026-09-07T23:38:55.003496", "action": "START_user_registration", "user_id": null, "details": {}, "ip_address": null}
2026-09-07 23:38:55,004 - AUDIT - {"timestamp": "2026-09-07T23:38:55.004148", "action": "SUCCESS_user_registration", "user_id": null, "details": {}, "ip_address": null}
2026-09-07 23:38:55,004 - AUDIT - {"timestamp": "2026-09-07T23:38:55.004148", "action": "SUCCESS_user_registration", "user_id": null, "details": {}, "ip_address": null}
2026-09-07 23:38:55,004 - AUDIT - {"timestamp": "2026-09-07T23:38:55.004148", "action": "SUCCESS_user_registration", "user_id": null, "details": {}, "ip_address": null}
2026-09-07 23:38:55,004 - AUDIT - {"timestamp": "2026-09-07T23:38:55.004148", "action": "SUCCESS_user_registration", "user_id": null, "details": {}, "ip_address": null}
2026-09-07 23:38:55,004 - AUDIT - {"timestamp": "2026-09-07T23:38:55.004148", "action": "SUCCESS_user_registration", "user_id": null, "details": {}, "ip_address": null}
2026-09-07 23:38:55,004 - AUDIT - {"timestamp": "2026-09-07T23:38:55.004148", "action": "SUCCESS_user_registration", "user_id": null, "details": {}, "ip_address": null}
2026-09-07 23:38:55,004 - AUDIT - {"timestamp": "2026-09-07T23:38:55.004148", "action": "SUCCESS_user_registration", "user_id": null, "details": {}, "ip_address": null}
2026-09-07 23:38:55,004 - AUDIT - {"timestamp": "2026-09-07T23:38:55.004148", "action": "SUCCESS_user_registration", "user_id": null, "details": {}, "ip_address": null}
2026-09-07 23:38:55,004 - AUDIT - {"timestamp": "2026-09-07T23:38:55.004148", "action": "SUCCESS_user_registration", "user_id": null, "details": {}, "ip_address": null}
2026-09-07 23:38:55,004 - AUDIT - {"timestamp": "2026-09-07T23:38:55.004148", "action": "SUCCESS_user_registration", "user_id": null, "details": {}, "ip_address": null}
2026-09-07 23:39:40,436 - AUDIT - {"timestamp": "2026-09-07T23:39:40.436308", "action": "START_user_registration", "user_id": null, "details": {}, "ip_address": null}
2026-09-07 23:39:40,436 - AUDIT - {"timestamp": "2026-09-07T23:39:40.436308", "action": "START_user_registration", "user_id": null, "details": {}, "ip_address": null}
2026-09-07 23:39:40,436 - AUDIT - {"timestamp": "2026-09-07T23:39:40.436308", "action": "START_user_registration", "user_id": null, "details": {}, "ip_address": null}
2026-09-07 23:39:40,436 - AUDIT - {"timestamp": "2026-09-07T23:39:40.436308", "action": "START_user_registration", "user_id": null, "details": {}, "ip_address": null}
2026-09-07 23:39:40,436 - AUDIT - {"timestamp": "2026-09-07T23:39:40.436308", "action": "START_user_registration", "user_id": null, "details": {}, "ip_address": null}
2026-09-07 23:39:40,436 - AUDIT - {"timestamp": "2026-09-07T23:39:40.436308", "action": "START_user_registration", "user_id": null, "details": {}, "ip_address": null}
2026-09-07 23:39:40,436 - AUDIT - {"timestamp": "2026-09-07T23:39:40.436308", "action": "START_user_registration", "user_id": null, "details": {}, "ip_address": null}
2026-09-07 23:39:40,436 - AUDIT - {"timestamp": "2026-09-07T23:39:40.436308", "action": "START_user_registration", "user_id": null, "details": {}, "ip_address": null}
2026-09-07 23:39:40,436 - AUDIT - {"timestamp": "2026-09-07T23:39:40.436308", "action": "START_user_registration", "user_id": null, "details": {}, "ip_address": null}
2026-09-07 23:39:40,436 - AUDIT - {"timestamp": "2026-09-07T23:39:40.436308", "action": "START_user_registration", "user_id": null, "details": {}, "ip_address": null}
2026-09-07 23:39:40,436 - AUDIT - {"timestamp": "2026-09-07T23:39:40.436308", "action": "START_user_registration", "user_id": null, "details": {}, "ip_address": null}
2026-09-07 23:39:40,985 - AUDIT - {"timestamp": "2026-09-07T23:39:40.984981", "action": "SUCCESS_user_registration", "user_id": null, "details": {}, "ip_address": null}
2026-09-07 23:39:40,985 - AUDIT - {"timestamp": "2026-09-07T23:39:40.984981", "action": "SUCCESS_user_registration", "user_id": null, "details": {}, "ip_address": null}
2026-09-07 23:39:40,985 - AUDIT - {"timestamp": "2026-09-07T23:39:40.984981", "action": "SUCCESS_user_registration", "user_id": null, "details": {}, "ip_address": null}
2026-09-07 23:39:40,985 - AUDIT - {"timestamp": "2026-09-07T23:39:40.984981", "action": "SUCCESS_user_registration", "user_id": null, "details": {}, "ip_address": null}
2026-09-07 23:39:40,985 - AUDIT - {"timestamp": "2026-09-07T23:39:40.984981", "action": "SUCCESS_user_registration", "user_id": null, "details": {}, "ip_address": null}
2026-09-07 23:39:40,985 - AUDIT - {"timestamp": "2026-09-07T23:39:40.984981", "action": "SUCCESS_user_registration", "user_id": null, "details": {}, "ip_address": null}
2026-09-07 23:39:40,985 - AUDIT - {"timestamp": "2026-09-07T23:39:40.984981", "action": "SUCCESS_user_registration", "user_id": null, "details": {}, "ip_address": null}
2026-09-07 23:39:40,985 - AUDIT - {"timestamp": "2026-09-07T23:39:40.984981", "action": "SUCCESS_user_registration", "user_id": null, "details": {}, "ip_address": null}
2026-09-07 23:39:40,985 - AUDIT - {"timestamp": "2026-09-07T23:39:40.984981", "action": "SUCCESS_user_registration", "user_id": null, "details": {}, "ip_address": null}
2026-09-07 23:39:40,985 - AUDIT - {"timestamp": "2026-09-07T23:39:40.984981", "action": "SUCCESS_user_registration", "user_id": null, "details": {}, "ip_address": null}
2026-09-07 23:39:40,985 - AUDIT - {"timestamp": "2026-09-07T23:39:40.984981", "action": "SUCCESS_user_registration", "user_id": null, "details": {}, "ip_address": null}
2026-09-07 23:39:51,803 - AUDIT - {"timestamp": "2026-09-07T23:39:51.803476", "action": "SUSPICIOUS_ACTIVITY", "user_id": null, "details": {"type": "unusual_login_time", "ip": "127.0.0.1"}, "ip_address": null}
2026-09-07 23:39:51,803 - AUDIT - {"timestamp": "2026-09-07T23:39:51.803476", "action": "SUSPICIOUS_ACTIVITY", "user_id": null, "details": {"type": "unusual_login_time", "ip": "127.0.0.1"}, "ip_address": null}
2026-09-07 23:39:51,803 - AUDIT - {"timestamp": "2026-09-07T23:39:51.803476", "action": "SUSPICIOUS_ACTIVITY", "user_id": null, "details": {"type": "unusual_login_time", "ip": "127.0.0.1"}, "ip_address": null}
2026-09-07 23:39:51,803 - AUDIT - {"timestamp": "2026-09-07T23:39:51.803476", "action": "SUSPICIOUS_ACTIVITY", "user_id": null, "details": {"type": "unusual_login_time", "ip": "127.0.0.1"}, "ip_address": null}
2026-09-07 23:39:51,803 - AUDIT - {"timestamp": "2026-09-07T23:39:51.803476", "action": "SUSPICIOUS_ACTIVITY", "user_id": null, "details": {"type": "unusual_login_time", "ip": "127.0.0.1"}, "ip_address": null}
2026-09-07 23:39:51,803 - AUDIT - {"timestamp": "2026-09-07T23:39:51.803476", "action": "SUSPICIOUS_ACTIVITY", "user_id": null, "details": {"type": "unusual_login_time", "ip": "127.0.0.1"}, "ip_address": null}
2026-09-07 23:39:51,803 - AUDIT - {"timestamp": "2026-09-07T23:39:51.803476", "action": "SUSPICIOUS_ACTIVITY", "user_id": null, "details": {"type": "unusual_login_time", "ip": "127.0.0.1"}, "ip_address": null}
2026-09-07 23:39:51,803 - AUDIT - {"timestamp": "2026-09-07T23:39:51.803476", "action": "SUSPICIOUS_ACTIVITY", "user_id": null, "details": {"type": "unusual_login_time", "ip": "127.0.0.1"}, "ip_address": null}
2026-09-07 23:39:51,803 - AUDIT - {"timestamp": "2026-09-07T23:39:51.803476", "action": "SUSPICIOUS_ACTIVITY", "user_id": null, "details": {"type": "unusual_login_time", "ip": "127.0.0.1"}, "ip_address": null}
2026-09-07 23:39:51,803 - AUDIT - {"timestamp": "2026-09-07T23:39:51.803476", "action": "SUSPICIOUS_ACTIVITY", "user_id": null, "details": {"type": "unusual_login_time", "ip": "127.0.0.1"}, "ip_address": null}
2026-09-07 23:39:51,803 - AUDIT - {"timestamp": "2026-09-07T23:39:51.803476", "action": "SUSPICIOUS_ACTIVITY", "user_id": null, "details": {"type": "unusual_login_time", "ip": "127.0.0.1"}, "ip_address": null}
2026-09-07 23:39:51,909 - AUDIT - {"timestamp": "2026-09-07T23:39:51.909553", "action": "LOGIN_SUCCESS", "user_id": 12, "details": {"ip": "127.0.0.1", "user_agent": "Mozilla/5.0 (Windows NT 10.0; Win64; x64) AppleWebKit/537.36 (KHTML, like Gecko) Chrome/151.0.0.0 Safari/537.36"}, "ip_address": null}
2026-09-07 23:39:51,909 - AUDIT - {"timestamp": "2026-09-07T23:39:51.909553", "action": "LOGIN_SUCCESS", "user_id": 12, "details": {"ip": "127.0.0.1", "user_agent": "Mozilla/5.0 (Windows NT 10.0; Win64; x64) AppleWebKit/537.36 (KHTML, like Gecko) Chrome/151.0.0.0 Safari/537.36"}, "ip_address": null}
2026-09-07 23:39:51,909 - AUDIT - {"timestamp": "2026-09-07T23:39:51.909553", "action": "LOGIN_SUCCESS", "user_id": 12, "details": {"ip": "127.0.0.1", "user_agent": "Mozilla/5.0 (Windows NT 10.0; Win64; x64) AppleWebKit/537.36 (KHTML, like Gecko) Chrome/151.0.0.0 Safari/537.36"}, "ip_address": null}
2026-09-07 23:39:51,909 - AUDIT - {"timestamp": "2026-09-07T23:39:51.909553", "action": "LOGIN_SUCCESS", "user_id": 12, "details": {"ip": "127.0.0.1", "user_agent": "Mozilla/5.0 (Windows NT 10.0; Win64; x64) AppleWebKit/537.36 (KHTML, like Gecko) Chrome/151.0.0.0 Safari/537.36"}, "ip_address": null}
2026-09-07 23:39:51,909 - AUDIT - {"timestamp": "2026-09-07T23:39:51.909553", "action": "LOGIN_SUCCESS", "user_id": 12, "details": {"ip": "127.0.0.1", "user_agent": "Mozilla/5.0 (Windows NT 10.0; Win64; x64) AppleWebKit/537.36 (KHTML, like Gecko) Chrome/151.0.0.0 Safari/537.36"}, "ip_address": null}
2026-09-07 23:39:51,909 - AUDIT - {"timestamp": "2026-09-07T23:39:51.909553", "action": "LOGIN_SUCCESS", "user_id": 12, "details": {"ip": "127.0.0.1", "user_agent": "Mozilla/5.0 (Windows NT 10.0; Win64; x64) AppleWebKit/537.36 (KHTML, like Gecko) Chrome/151.0.0.0 Safari/537.36"}, "ip_address": null}
2026-09-07 23:39:51,909 - AUDIT - {"timestamp": "2026-09-07T23:39:51.909553", "action": "LOGIN_SUCCESS", "user_id": 12, "details": {"ip": "127.0.0.1", "user_agent": "Mozilla/5.0 (Windows NT 10.0; Win64; x64) AppleWebKit/537.36 (KHTML, like Gecko) Chrome/151.0.0.0 Safari/537.36"}, "ip_address": null}
2026-09-07 23:39:51,909 - AUDIT - {"timestamp": "2026-09-07T23:39:51.909553", "action": "LOGIN_SUCCESS", "user_id": 12, "details": {"ip": "127.0.0.1", "user_agent": "Mozilla/5.0 (Windows NT 10.0; Win64; x64) AppleWebKit/537.36 (KHTML, like Gecko) Chrome/151.0.0.0 Safari/537.36"}, "ip_address": null}
2026-09-07 23:39:51,909 - AUDIT - {"timestamp": "2026-09-07T23:39:51.909553", "action": "LOGIN_SUCCESS", "user_id": 12, "details": {"ip": "127.0.0.1", "user_agent": "Mozilla/5.0 (Windows NT 10.0; Win64; x64) AppleWebKit/537.36 (KHTML, like Gecko) Chrome/151.0.0.0 Safari/537.36"}, "ip_address": null}
2026-09-07 23:39:51,909 - AUDIT - {"timestamp": "2026-09-07T23:39:51.909553", "action": "LOGIN_SUCCESS", "user_id": 12, "details": {"ip": "127.0.0.1", "user_agent": "Mozilla/5.0 (Windows NT 10.0; Win64; x64) AppleWebKit/537.36 (KHTML, like Gecko) Chrome/151.0.0.0 Safari/537.36"}, "ip_address": null}
2026-09-07 23:39:51,909 - AUDIT - {"timestamp": "2026-09-07T23:39:51.909553", "action": "LOGIN_SUCCESS", "user_id": 12, "details": {"ip": "127.0.0.1", "user_agent": "Mozilla/5.0 (Windows NT 10.0; Win64; x64) AppleWebKit/537.36 (KHTML, like Gecko) Chrome/151.0.0.0 Safari/537.36"}, "ip_address": null}
2026-09-07 23:59:05,417 - AUDIT - {"timestamp": "2026-09-07T23:59:05.416965", "action": "START_user_registration", "user_id": null, "details": {}, "ip_address": null}
2026-09-07 23:59:05,417 - AUDIT - {"timestamp": "2026-09-07T23:59:05.416965", "action": "START_user_registration", "user_id": null, "details": {}, "ip_address": null}
2026-09-07 23:59:05,424 - AUDIT - {"timestamp": "2026-09-07T23:59:05.424187", "action": "SUCCESS_user_registration", "user_id": null, "details": {}, "ip_address": null}
2026-09-07 23:59:05,424 - AUDIT - {"timestamp": "2026-09-07T23:59:05.424187", "action": "SUCCESS_user_registration", "user_id": null, "details": {}, "ip_address": null}
2026-09-08 00:01:04,262 - AUDIT - {"timestamp": "2026-09-08T00:01:04.262718", "action": "START_ADMIN_PANEL_ACCESS", "user_id": null, "details": {}, "ip_address": null}
2026-09-08 00:01:04,262 - AUDIT - {"timestamp": "2026-09-08T00:01:04.262718", "action": "START_ADMIN_PANEL_ACCESS", "user_id": null, "details": {}, "ip_address": null}
2026-09-08 00:01:04,262 - AUDIT - {"timestamp": "2026-09-08T00:01:04.262718", "action": "START_ADMIN_PANEL_ACCESS", "user_id": null, "details": {}, "ip_address": null}
2026-09-08 00:01:04,320 - AUDIT - {"timestamp": "2026-09-08T00:01:04.320490", "action": "SUCCESS_ADMIN_PANEL_ACCESS", "user_id": null, "details": {}, "ip_address": null}
2026-09-08 00:01:04,320 - AUDIT - {"timestamp": "2026-09-08T00:01:04.320490", "action": "SUCCESS_ADMIN_PANEL_ACCESS", "user_id": null, "details": {}, "ip_address": null}
2026-09-08 00:01:04,320 - AUDIT - {"timestamp": "2026-09-08T00:01:04.320490", "action": "SUCCESS_ADMIN_PANEL_ACCESS", "user_id": null, "details": {}, "ip_address": null}
2026-09-08 00:01:19,298 - AUDIT - {"timestamp": "2026-09-08T00:01:19.298287", "action": "START_ADMIN_PANEL_ACCESS", "user_id": null, "details": {}, "ip_address": null}
2026-09-08 00:01:19,298 - AUDIT - {"timestamp": "2026-09-08T00:01:19.298287", "action": "START_ADMIN_PANEL_ACCESS", "user_id": null, "details": {}, "ip_address": null}
2026-09-08 00:01:19,298 - AUDIT - {"timestamp": "2026-09-08T00:01:19.298287", "action": "START_ADMIN_PANEL_ACCESS", "user_id": null, "details": {}, "ip_address": null}
2026-09-08 00:01:19,298 - AUDIT - {"timestamp": "2026-09-08T00:01:19.298287", "action": "START_ADMIN_PANEL_ACCESS", "user_id": null, "details": {}, "ip_address": null}
2026-09-08 00:01:19,303 - AUDIT - {"timestamp": "2026-09-08T00:01:19.303280", "action": "SUCCESS_ADMIN_PANEL_ACCESS", "user_id": null, "details": {}, "ip_address": null}
2026-09-08 00:01:19,303 - AUDIT - {"timestamp": "2026-09-08T00:01:19.303280", "action": "SUCCESS_ADMIN_PANEL_ACCESS", "user_id": null, "details": {}, "ip_address": null}
2026-09-08 00:01:19,303 - AUDIT - {"timestamp": "2026-09-08T00:01:19.303280", "action": "SUCCESS_ADMIN_PANEL_ACCESS", "user_id": null, "details": {}, "ip_address": null}
2026-09-08 00:01:19,303 - AUDIT - {"timestamp": "2026-09-08T00:01:19.303280", "action": "SUCCESS_ADMIN_PANEL_ACCESS", "user_id": null, "details": {}, "ip_address": null}
2026-09-08 00:02:24,487 - AUDIT - {"timestamp": "2026-09-08T00:02:24.487508", "action": "START_ADMIN_PANEL_ACCESS", "user_id": null, "details": {}, "ip_address": null}
2026-09-08 00:02:24,487 - AUDIT - {"timestamp": "2026-09-08T00:02:24.487508", "action": "START_ADMIN_PANEL_ACCESS", "user_id": null, "details": {}, "ip_address": null}
2026-09-08 00:02:24,487 - AUDIT - {"timestamp": "2026-09-08T00:02:24.487508", "action": "START_ADMIN_PANEL_ACCESS", "user_id": null, "details": {}, "ip_address": null}
2026-09-08 00:02:24,487 - AUDIT - {"timestamp": "2026-09-08T00:02:24.487508", "action": "START_ADMIN_PANEL_ACCESS", "user_id": null, "details": {}, "ip_address": null}
2026-09-08 00:02:24,487 - AUDIT - {"timestamp": "2026-09-08T00:02:24.487508", "action": "START_ADMIN_PANEL_ACCESS", "user_id": null, "details": {}, "ip_address": null}
2026-09-08 00:02:24,493 - AUDIT - {"timestamp": "2026-09-08T00:02:24.493305", "action": "SUCCESS_ADMIN_PANEL_ACCESS", "user_id": null, "details": {}, "ip_address": null}
2026-09-08 00:02:24,493 - AUDIT - {"timestamp": "2026-09-08T00:02:24.493305", "action": "SUCCESS_ADMIN_PANEL_ACCESS", "user_id": null, "details": {}, "ip_address": null}
2026-09-08 00:02:24,493 - AUDIT - {"timestamp": "2026-09-08T00:02:24.493305", "action": "SUCCESS_ADMIN_PANEL_ACCESS", "user_id": null, "details": {}, "ip_address": null}
2026-09-08 00:02:24,493 - AUDIT - {"timestamp": "2026-09-08T00:02:24.493305", "action": "SUCCESS_ADMIN_PANEL_ACCESS", "user_id": null, "details": {}, "ip_address": null}
2026-09-08 00:02:24,493 - AUDIT - {"timestamp": "2026-09-08T00:02:24.493305", "action": "SUCCESS_ADMIN_PANEL_ACCESS", "user_id": null, "details": {}, "ip_address": null}
2026-09-08 00:03:19,634 - AUDIT - {"timestamp": "2026-09-08T00:03:19.634537", "action": "START_ADMIN_APPOINTMENT", "user_id": null, "details": {}, "ip_address": null}
2026-09-08 00:03:19,634 - AUDIT - {"timestamp": "2026-09-08T00:03:19.634537", "action": "START_ADMIN_APPOINTMENT", "user_id": null, "details": {}, "ip_address": null}
2026-09-08 00:03:19,634 - AUDIT - {"timestamp": "2026-09-08T00:03:19.634537", "action": "START_ADMIN_APPOINTMENT", "user_id": null, "details": {}, "ip_address": null}
2026-09-08 00:03:19,634 - AUDIT - {"timestamp": "2026-09-08T00:03:19.634537", "action": "START_ADMIN_APPOINTMENT", "user_id": null, "details": {}, "ip_address": null}
2026-09-08 00:03:19,634 - AUDIT - {"timestamp": "2026-09-08T00:03:19.634537", "action": "START_ADMIN_APPOINTMENT", "user_id": null, "details": {}, "ip_address": null}
2026-09-08 00:03:19,634 - AUDIT - {"timestamp": "2026-09-08T00:03:19.634537", "action": "START_ADMIN_APPOINTMENT", "user_id": null, "details": {}, "ip_address": null}
2026-09-08 00:03:19,797 - AUDIT - {"timestamp": "2026-09-08T00:03:19.797803", "action": "SUCCESS_ADMIN_APPOINTMENT", "user_id": null, "details": {}, "ip_address": null}
2026-09-08 00:03:19,797 - AUDIT - {"timestamp": "2026-09-08T00:03:19.797803", "action": "SUCCESS_ADMIN_APPOINTMENT", "user_id": null, "details": {}, "ip_address": null}
2026-09-08 00:03:19,797 - AUDIT - {"timestamp": "2026-09-08T00:03:19.797803", "action": "SUCCESS_ADMIN_APPOINTMENT", "user_id": null, "details": {}, "ip_address": null}
2026-09-08 00:03:19,797 - AUDIT - {"timestamp": "2026-09-08T00:03:19.797803", "action": "SUCCESS_ADMIN_APPOINTMENT", "user_id": null, "details": {}, "ip_address": null}
2026-09-08 00:03:19,797 - AUDIT - {"timestamp": "2026-09-08T00:03:19.797803", "action": "SUCCESS_ADMIN_APPOINTMENT", "user_id": null, "details": {}, "ip_address": null}
2026-09-08 00:03:19,797 - AUDIT - {"timestamp": "2026-09-08T00:03:19.797803", "action": "SUCCESS_ADMIN_APPOINTMENT", "user_id": null, "details": {}, "ip_address": null}
2026-09-08 00:03:20,096 - AUDIT - {"timestamp": "2026-09-08T00:03:20.096292", "action": "START_ADMIN_PANEL_ACCESS", "user_id": null, "details": {}, "ip_address": null}
2026-09-08 00:03:20,096 - AUDIT - {"timestamp": "2026-09-08T00:03:20.096292", "action": "START_ADMIN_PANEL_ACCESS", "user_id": null, "details": {}, "ip_address": null}
2026-09-08 00:03:20,096 - AUDIT - {"timestamp": "2026-09-08T00:03:20.096292", "action": "START_ADMIN_PANEL_ACCESS", "user_id": null, "details": {}, "ip_address": null}
2026-09-08 00:03:20,096 - AUDIT - {"timestamp": "2026-09-08T00:03:20.096292", "action": "START_ADMIN_PANEL_ACCESS", "user_id": null, "details": {}, "ip_address": null}
2026-09-08 00:03:20,096 - AUDIT - {"timestamp": "2026-09-08T00:03:20.096292", "action": "START_ADMIN_PANEL_ACCESS", "user_id": null, "details": {}, "ip_address": null}
2026-09-08 00:03:20,096 - AUDIT - {"timestamp": "2026-09-08T00:03:20.096292", "action": "START_ADMIN_PANEL_ACCESS", "user_id": null, "details": {}, "ip_address": null}
2026-09-08 00:03:20,096 - AUDIT - {"timestamp": "2026-09-08T00:03:20.096292", "action": "START_ADMIN_PANEL_ACCESS", "user_id": null, "details": {}, "ip_address": null}
2026-09-08 00:03:20,102 - AUDIT - {"timestamp": "2026-09-08T00:03:20.102059", "action": "SUCCESS_ADMIN_PANEL_ACCESS", "user_id": null, "details": {}, "ip_address": null}
2026-09-08 00:03:20,102 - AUDIT - {"timestamp": "2026-09-08T00:03:20.102059", "action": "SUCCESS_ADMIN_PANEL_ACCESS", "user_id": null, "details": {}, "ip_address": null}
2026-09-08 00:03:20,102 - AUDIT - {"timestamp": "2026-09-08T00:03:20.102059", "action": "SUCCESS_ADMIN_PANEL_ACCESS", "user_id": null, "details": {}, "ip_address": null}
2026-09-08 00:03:20,102 - AUDIT - {"timestamp": "2026-09-08T00:03:20.102059", "action": "SUCCESS_ADMIN_PANEL_ACCESS", "user_id": null, "details": {}, "ip_address": null}
2026-09-08 00:03:20,102 - AUDIT - {"timestamp": "2026-09-08T00:03:20.102059", "action": "SUCCESS_ADMIN_PANEL_ACCESS", "user_id": null, "details": {}, "ip_address": null}
2026-09-08 00:03:20,102 - AUDIT - {"timestamp": "2026-09-08T00:03:20.102059", "action": "SUCCESS_ADMIN_PANEL_ACCESS", "user_id": null, "details": {}, "ip_address": null}
2026-09-08 00:03:20,102 - AUDIT - {"timestamp": "2026-09-08T00:03:20.102059", "action": "SUCCESS_ADMIN_PANEL_ACCESS", "user_id": null, "details": {}, "ip_address": null}
2026-09-08 00:05:13,399 - AUDIT - {"timestamp": "2026-09-08T00:05:13.399840", "action": "SUSPICIOUS_ACTIVITY", "user_id": null, "details": {"type": "unusual_login_time", "ip": "127.0.0.1"}, "ip_address": null}
2026-09-08 00:05:13,399 - AUDIT - {"timestamp": "2026-09-08T00:05:13.399840", "action": "SUSPICIOUS_ACTIVITY", "user_id": null, "details": {"type": "unusual_login_time", "ip": "127.0.0.1"}, "ip_address": null}
2026-09-08 00:05:13,399 - AUDIT - {"timestamp": "2026-09-08T00:05:13.399840", "action": "SUSPICIOUS_ACTIVITY", "user_id": null, "details": {"type": "unusual_login_time", "ip": "127.0.0.1"}, "ip_address": null}
2026-09-08 00:05:13,399 - AUDIT - {"timestamp": "2026-09-08T00:05:13.399840", "action": "SUSPICIOUS_ACTIVITY", "user_id": null, "details": {"type": "unusual_login_time", "ip": "127.0.0.1"}, "ip_address": null}
2026-09-08 00:05:13,399 - AUDIT - {"timestamp": "2026-09-08T00:05:13.399840", "action": "SUSPICIOUS_ACTIVITY", "user_id": null, "details": {"type": "unusual_login_time", "ip": "127.0.0.1"}, "ip_address": null}
2026-09-08 00:05:13,399 - AUDIT - {"timestamp": "2026-09-08T00:05:13.399840", "action": "SUSPICIOUS_ACTIVITY", "user_id": null, "details": {"type": "unusual_login_time", "ip": "127.0.0.1"}, "ip_address": null}
2026-09-08 00:05:13,399 - AUDIT - {"timestamp": "2026-09-08T00:05:13.399840", "action": "SUSPICIOUS_ACTIVITY", "user_id": null, "details": {"type": "unusual_login_time", "ip": "127.0.0.1"}, "ip_address": null}
2026-09-08 00:05:13,495 - AUDIT - {"timestamp": "2026-09-08T00:05:13.495021", "action": "LOGIN_FAILED", "user_id": null, "details": {"login_field": "imamomus@gmail.com", "ip": "127.0.0.1"}, "ip_address": null}
2026-09-08 00:05:13,495 - AUDIT - {"timestamp": "2026-09-08T00:05:13.495021", "action": "LOGIN_FAILED", "user_id": null, "details": {"login_field": "imamomus@gmail.com", "ip": "127.0.0.1"}, "ip_address": null}
2026-09-08 00:05:13,495 - AUDIT - {"timestamp": "2026-09-08T00:05:13.495021", "action": "LOGIN_FAILED", "user_id": null, "details": {"login_field": "imamomus@gmail.com", "ip": "127.0.0.1"}, "ip_address": null}
2026-09-08 00:05:13,495 - AUDIT - {"timestamp": "2026-09-08T00:05:13.495021", "action": "LOGIN_FAILED", "user_id": null, "details": {"login_field": "imamomus@gmail.com", "ip": "127.0.0.1"}, "ip_address": null}
2026-09-08 00:05:13,495 - AUDIT - {"timestamp": "2026-09-08T00:05:13.495021", "action": "LOGIN_FAILED", "user_id": null, "details": {"login_field": "imamomus@gmail.com", "ip": "127.0.0.1"}, "ip_address": null}
2026-09-08 00:05:13,495 - AUDIT - {"timestamp": "2026-09-08T00:05:13.495021", "action": "LOGIN_FAILED", "user_id": null, "details": {"login_field": "imamomus@gmail.com", "ip": "127.0.0.1"}, "ip_address": null}
2026-09-08 00:05:13,495 - AUDIT - {"timestamp": "2026-09-08T00:05:13.495021", "action": "LOGIN_FAILED", "user_id": null, "details": {"login_field": "imamomus@gmail.com", "ip": "127.0.0.1"}, "ip_address": null}
2026-09-08 00:05:37,392 - AUDIT - {"timestamp": "2026-09-08T00:05:37.392462", "action": "SUSPICIOUS_ACTIVITY", "user_id": null, "details": {"type": "unusual_login_time", "ip": "127.0.0.1"}, "ip_address": null}
2026-09-08 00:05:37,392 - AUDIT - {"timestamp": "2026-09-08T00:05:37.392462", "action": "SUSPICIOUS_ACTIVITY", "user_id": null, "details": {"type": "unusual_login_time", "ip": "127.0.0.1"}, "ip_address": null}
2026-09-08 00:05:37,392 - AUDIT - {"timestamp": "2026-09-08T00:05:37.392462", "action": "SUSPICIOUS_ACTIVITY", "user_id": null, "details": {"type": "unusual_login_time", "ip": "127.0.0.1"}, "ip_address": null}
2026-09-08 00:05:37,392 - AUDIT - {"timestamp": "2026-09-08T00:05:37.392462", "action": "SUSPICIOUS_ACTIVITY", "user_id": null, "details": {"type": "unusual_login_time", "ip": "127.0.0.1"}, "ip_address": null}
2026-09-08 00:05:37,392 - AUDIT - {"timestamp": "2026-09-08T00:05:37.392462", "action": "SUSPICIOUS_ACTIVITY", "user_id": null, "details": {"type": "unusual_login_time", "ip": "127.0.0.1"}, "ip_address": null}
2026-09-08 00:05:37,392 - AUDIT - {"timestamp": "2026-09-08T00:05:37.392462", "action": "SUSPICIOUS_ACTIVITY", "user_id": null, "details": {"type": "unusual_login_time", "ip": "127.0.0.1"}, "ip_address": null}
2026-09-08 00:05:37,392 - AUDIT - {"timestamp": "2026-09-08T00:05:37.392462", "action": "SUSPICIOUS_ACTIVITY", "user_id": null, "details": {"type": "unusual_login_time", "ip": "127.0.0.1"}, "ip_address": null}
2026-09-08 00:05:37,480 - AUDIT - {"timestamp": "2026-09-08T00:05:37.480773", "action": "LOGIN_SUCCESS", "user_id": 12, "details": {"ip": "127.0.0.1", "user_agent": "Mozilla/5.0 (Windows NT 10.0; Win64; x64) AppleWebKit/537.36 (KHTML, like Gecko) Chrome/151.0.0.0 Safari/537.36"}, "ip_address": null}
2026-09-08 00:05:37,480 - AUDIT - {"timestamp": "2026-09-08T00:05:37.480773", "action": "LOGIN_SUCCESS", "user_id": 12, "details": {"ip": "127.0.0.1", "user_agent": "Mozilla/5.0 (Windows NT 10.0; Win64; x64) AppleWebKit/537.36 (KHTML, like Gecko) Chrome/151.0.0.0 Safari/537.36"}, "ip_address": null}
2026-09-08 00:05:37,480 - AUDIT - {"timestamp": "2026-09-08T00:05:37.480773", "action": "LOGIN_SUCCESS", "user_id": 12, "details": {"ip": "127.0.0.1", "user_agent": "Mozilla/5.0 (Windows NT 10.0; Win64; x64) AppleWebKit/537.36 (KHTML, like Gecko) Chrome/151.0.0.0 Safari/537.36"}, "ip_address": null}
2026-09-08 00:05:37,480 - AUDIT - {"timestamp": "2026-09-08T00:05:37.480773", "action": "LOGIN_SUCCESS", "user_id": 12, "details": {"ip": "127.0.0.1", "user_agent": "Mozilla/5.0 (Windows NT 10.0; Win64; x64) AppleWebKit/537.36 (KHTML, like Gecko) Chrome/151.0.0.0 Safari/537.36"}, "ip_address": null}
2026-09-08 00:05:37,480 - AUDIT - {"timestamp": "2026-09-08T00:05:37.480773", "action": "LOGIN_SUCCESS", "user_id": 12, "details": {"ip": "127.0.0.1", "user_agent": "Mozilla/5.0 (Windows NT 10.0; Win64; x64) AppleWebKit/537.36 (KHTML, like Gecko) Chrome/151.0.0.0 Safari/537.36"}, "ip_address": null}
2026-09-08 00:05:37,480 - AUDIT - {"timestamp": "2026-09-08T00:05:37.480773", "action": "LOGIN_SUCCESS", "user_id": 12, "details": {"ip": "127.0.0.1", "user_agent": "Mozilla/5.0 (Windows NT 10.0; Win64; x64) AppleWebKit/537.36 (KHTML, like Gecko) Chrome/151.0.0.0 Safari/537.36"}, "ip_address": null}
2026-09-08 00:05:37,480 - AUDIT - {"timestamp": "2026-09-08T00:05:37.480773", "action": "LOGIN_SUCCESS", "user_id": 12, "details": {"ip": "127.0.0.1", "user_agent": "Mozilla/5.0 (Windows NT 10.0; Win64; x64) AppleWebKit/537.36 (KHTML, like Gecko) Chrome/151.0.0.0 Safari/537.36"}, "ip_address": null}
2026-09-08 00:13:38,365 - AUDIT - {"timestamp": "2026-09-08T00:13:38.365888", "action": "START_user_registration", "user_id": null, "details": {}, "ip_address": null}
2026-09-08 00:13:38,365 - AUDIT - {"timestamp": "2026-09-08T00:13:38.365888", "action": "START_user_registration", "user_id": null, "details": {}, "ip_address": null}
2026-09-08 00:13:38,366 - AUDIT - {"timestamp": "2026-09-08T00:13:38.366355", "action": "SUCCESS_user_registration", "user_id": null, "details": {}, "ip_address": null}
2026-09-08 00:13:38,366 - AUDIT - {"timestamp": "2026-09-08T00:13:38.366355", "action": "SUCCESS_user_registration", "user_id": null, "details": {}, "ip_address": null}
2026-09-08 00:13:51,739 - AUDIT - {"timestamp": "2026-09-08T00:13:51.739701", "action": "START_user_registration", "user_id": null, "details": {}, "ip_address": null}
2026-09-08 00:13:51,739 - AUDIT - {"timestamp": "2026-09-08T00:13:51.739701", "action": "START_user_registration", "user_id": null, "details": {}, "ip_address": null}
2026-09-08 00:13:51,740 - AUDIT - {"timestamp": "2026-09-08T00:13:51.740080", "action": "SUCCESS_user_registration", "user_id": null, "details": {}, "ip_address": null}
2026-09-08 00:13:51,740 - AUDIT - {"timestamp": "2026-09-08T00:13:51.740080", "action": "SUCCESS_user_registration", "user_id": null, "details": {}, "ip_address": null}
2026-09-08 00:14:00,955 - AUDIT - {"timestamp": "2026-09-08T00:14:00.955029", "action": "START_user_registration", "user_id": null, "details": {}, "ip_address": null}
2026-09-08 00:14:00,955 - AUDIT - {"timestamp": "2026-09-08T00:14:00.955029", "action": "START_user_registration", "user_id": null, "details": {}, "ip_address": null}
2026-09-08 00:14:00,955 - AUDIT - {"timestamp": "2026-09-08T00:14:00.955696", "action": "SUCCESS_user_registration", "user_id": null, "details": {}, "ip_address": null}
2026-09-08 00:14:00,955 - AUDIT - {"timestamp": "2026-09-08T00:14:00.955696", "action": "SUCCESS_user_registration", "user_id": null, "details": {}, "ip_address": null}
2026-09-08 00:19:37,532 - AUDIT - {"timestamp": "2026-09-08T00:19:37.532694", "action": "SUSPICIOUS_ACTIVITY", "user_id": null, "details": {"type": "unusual_login_time", "ip": "127.0.0.1"}, "ip_address": null}
2026-09-08 00:19:37,627 - AUDIT - {"timestamp": "2026-09-08T00:19:37.627480", "action": "LOGIN_SUCCESS", "user_id": 12, "details": {"ip": "127.0.0.1", "user_agent": "Mozilla/5.0 (Windows NT 10.0; Win64; x64) AppleWebKit/537.36 (KHTML, like Gecko) Chrome/151.0.0.0 Safari/537.36"}, "ip_address": null}
2026-09-08 00:20:43,535 - AUDIT - {"timestamp": "2026-09-08T00:20:43.535750", "action": "START_publish_product", "user_id": 12, "details": {}, "ip_address": null}
2026-09-08 00:20:43,535 - AUDIT - {"timestamp": "2026-09-08T00:20:43.535750", "action": "START_publish_product", "user_id": 12, "details": {}, "ip_address": null}
2026-09-08 00:20:43,540 - AUDIT - {"timestamp": "2026-09-08T00:20:43.540759", "action": "SUCCESS_publish_product", "user_id": 12, "details": {}, "ip_address": null}
2026-09-08 00:20:43,540 - AUDIT - {"timestamp": "2026-09-08T00:20:43.540759", "action": "SUCCESS_publish_product", "user_id": 12, "details": {}, "ip_address": null}
2026-09-08 00:26:23,816 - AUDIT - {"timestamp": "2026-09-08T00:26:23.816650", "action": "SUSPICIOUS_ACTIVITY", "user_id": null, "details": {"type": "unusual_login_time", "ip": "127.0.0.1"}, "ip_address": null}
2026-09-08 00:26:23,906 - AUDIT - {"timestamp": "2026-09-08T00:26:23.906887", "action": "LOGIN_SUCCESS", "user_id": 12, "details": {"ip": "127.0.0.1", "user_agent": "Mozilla/5.0 (Windows NT 10.0; Win64; x64) AppleWebKit/537.36 (KHTML, like Gecko) Chrome/151.0.0.0 Safari/537.36"}, "ip_address": null}
2026-09-08 00:26:29,460 - AUDIT - {"timestamp": "2026-09-08T00:26:29.460088", "action": "START_publish_product", "user_id": 12, "details": {}, "ip_address": null}
2026-09-08 00:26:29,460 - AUDIT - {"timestamp": "2026-09-08T00:26:29.460088", "action": "START_publish_product", "user_id": 12, "details": {}, "ip_address": null}
2026-09-08 00:26:29,465 - AUDIT - {"timestamp": "2026-09-08T00:26:29.465148", "action": "SUCCESS_publish_product", "user_id": 12, "details": {}, "ip_address": null}
2026-09-08 00:26:29,465 - AUDIT - {"timestamp": "2026-09-08T00:26:29.465148", "action": "SUCCESS_publish_product", "user_id": 12, "details": {}, "ip_address": null}
2026-09-08 00:26:41,617 - AUDIT - {"timestamp": "2026-09-08T00:26:41.617084", "action": "START_publish_product", "user_id": 12, "details": {}, "ip_address": null}
2026-09-08 00:26:41,617 - AUDIT - {"timestamp": "2026-09-08T00:26:41.617084", "action": "START_publish_product", "user_id": 12, "details": {}, "ip_address": null}
2026-09-08 00:26:41,617 - AUDIT - {"timestamp": "2026-09-08T00:26:41.617084", "action": "START_publish_product", "user_id": 12, "details": {}, "ip_address": null}
2026-09-08 00:26:41,617 - AUDIT - {"timestamp": "2026-09-08T00:26:41.617629", "action": "SUCCESS_publish_product", "user_id": 12, "details": {}, "ip_address": null}
2026-09-08 00:26:41,617 - AUDIT - {"timestamp": "2026-09-08T00:26:41.617629", "action": "SUCCESS_publish_product", "user_id": 12, "details": {}, "ip_address": null}
2026-09-08 00:26:41,617 - AUDIT - {"timestamp": "2026-09-08T00:26:41.617629", "action": "SUCCESS_publish_product", "user_id": 12, "details": {}, "ip_address": null}
2026-09-08 00:27:52,391 - AUDIT - {"timestamp": "2026-09-08T00:27:52.391563", "action": "START_ADMIN_PANEL_ACCESS", "user_id": null, "details": {}, "ip_address": null}
2026-09-08 00:27:52,391 - AUDIT - {"timestamp": "2026-09-08T00:27:52.391563", "action": "START_ADMIN_PANEL_ACCESS", "user_id": null, "details": {}, "ip_address": null}
2026-09-08 00:27:52,391 - AUDIT - {"timestamp": "2026-09-08T00:27:52.391563", "action": "START_ADMIN_PANEL_ACCESS", "user_id": null, "details": {}, "ip_address": null}
2026-09-08 00:27:52,391 - AUDIT - {"timestamp": "2026-09-08T00:27:52.391563", "action": "START_ADMIN_PANEL_ACCESS", "user_id": null, "details": {}, "ip_address": null}
2026-09-08 00:27:52,644 - AUDIT - {"timestamp": "2026-09-08T00:27:52.644457", "action": "SUCCESS_ADMIN_PANEL_ACCESS", "user_id": null, "details": {}, "ip_address": null}
2026-09-08 00:27:52,644 - AUDIT - {"timestamp": "2026-09-08T00:27:52.644457", "action": "SUCCESS_ADMIN_PANEL_ACCESS", "user_id": null, "details": {}, "ip_address": null}
2026-09-08 00:27:52,644 - AUDIT - {"timestamp": "2026-09-08T00:27:52.644457", "action": "SUCCESS_ADMIN_PANEL_ACCESS", "user_id": null, "details": {}, "ip_address": null}
2026-09-08 00:27:52,644 - AUDIT - {"timestamp": "2026-09-08T00:27:52.644457", "action": "SUCCESS_ADMIN_PANEL_ACCESS", "user_id": null, "details": {}, "ip_address": null}
2026-09-08 00:27:52,884 - AUDIT - {"timestamp": "2026-09-08T00:27:52.883982", "action": "START_ADMIN_PANEL_ACCESS", "user_id": null, "details": {}, "ip_address": null}
2026-09-08 00:27:52,884 - AUDIT - {"timestamp": "2026-09-08T00:27:52.883982", "action": "START_ADMIN_PANEL_ACCESS", "user_id": null, "details": {}, "ip_address": null}
2026-09-08 00:27:52,884 - AUDIT - {"timestamp": "2026-09-08T00:27:52.883982", "action": "START_ADMIN_PANEL_ACCESS", "user_id": null, "details": {}, "ip_address": null}
2026-09-08 00:27:52,884 - AUDIT - {"timestamp": "2026-09-08T00:27:52.883982", "action": "START_ADMIN_PANEL_ACCESS", "user_id": null, "details": {}, "ip_address": null}
2026-09-08 00:27:52,884 - AUDIT - {"timestamp": "2026-09-08T00:27:52.883982", "action": "START_ADMIN_PANEL_ACCESS", "user_id": null, "details": {}, "ip_address": null}
2026-09-08 00:27:52,888 - AUDIT - {"timestamp": "2026-09-08T00:27:52.888881", "action": "SUCCESS_ADMIN_PANEL_ACCESS", "user_id": null, "details": {}, "ip_address": null}
2026-09-08 00:27:52,888 - AUDIT - {"timestamp": "2026-09-08T00:27:52.888881", "action": "SUCCESS_ADMIN_PANEL_ACCESS", "user_id": null, "details": {}, "ip_address": null}
2026-09-08 00:27:52,888 - AUDIT - {"timestamp": "2026-09-08T00:27:52.888881", "action": "SUCCESS_ADMIN_PANEL_ACCESS", "user_id": null, "details": {}, "ip_address": null}
2026-09-08 00:27:52,888 - AUDIT - {"timestamp": "2026-09-08T00:27:52.888881", "action": "SUCCESS_ADMIN_PANEL_ACCESS", "user_id": null, "details": {}, "ip_address": null}
2026-09-08 00:27:52,888 - AUDIT - {"timestamp": "2026-09-08T00:27:52.888881", "action": "SUCCESS_ADMIN_PANEL_ACCESS", "user_id": null, "details": {}, "ip_address": null}
2026-09-08 00:29:54,175 - AUDIT - {"timestamp": "2026-09-08T00:29:54.175273", "action": "START_ADMIN_PANEL_ACCESS", "user_id": null, "details": {}, "ip_address": null}
2026-09-08 00:29:54,175 - AUDIT - {"timestamp": "2026-09-08T00:29:54.175273", "action": "START_ADMIN_PANEL_ACCESS", "user_id": null, "details": {}, "ip_address": null}
2026-09-08 00:29:54,175 - AUDIT - {"timestamp": "2026-09-08T00:29:54.175273", "action": "START_ADMIN_PANEL_ACCESS", "user_id": null, "details": {}, "ip_address": null}
2026-09-08 00:29:54,175 - AUDIT - {"timestamp": "2026-09-08T00:29:54.175273", "action": "START_ADMIN_PANEL_ACCESS", "user_id": null, "details": {}, "ip_address": null}
2026-09-08 00:29:54,175 - AUDIT - {"timestamp": "2026-09-08T00:29:54.175273", "action": "START_ADMIN_PANEL_ACCESS", "user_id": null, "details": {}, "ip_address": null}
2026-09-08 00:29:54,175 - AUDIT - {"timestamp": "2026-09-08T00:29:54.175273", "action": "START_ADMIN_PANEL_ACCESS", "user_id": null, "details": {}, "ip_address": null}
2026-09-08 00:29:54,183 - AUDIT - {"timestamp": "2026-09-08T00:29:54.183129", "action": "SUCCESS_ADMIN_PANEL_ACCESS", "user_id": null, "details": {}, "ip_address": null}
2026-09-08 00:29:54,183 - AUDIT - {"timestamp": "2026-09-08T00:29:54.183129", "action": "SUCCESS_ADMIN_PANEL_ACCESS", "user_id": null, "details": {}, "ip_address": null}
2026-09-08 00:29:54,183 - AUDIT - {"timestamp": "2026-09-08T00:29:54.183129", "action": "SUCCESS_ADMIN_PANEL_ACCESS", "user_id": null, "details": {}, "ip_address": null}
2026-09-08 00:29:54,183 - AUDIT - {"timestamp": "2026-09-08T00:29:54.183129", "action": "SUCCESS_ADMIN_PANEL_ACCESS", "user_id": null, "details": {}, "ip_address": null}
2026-09-08 00:29:54,183 - AUDIT - {"timestamp": "2026-09-08T00:29:54.183129", "action": "SUCCESS_ADMIN_PANEL_ACCESS", "user_id": null, "details": {}, "ip_address": null}
2026-09-08 00:29:54,183 - AUDIT - {"timestamp": "2026-09-08T00:29:54.183129", "action": "SUCCESS_ADMIN_PANEL_ACCESS", "user_id": null, "details": {}, "ip_address": null}
2026-09-08 00:30:35,566 - AUDIT - {"timestamp": "2026-09-08T00:30:35.566396", "action": "SUSPICIOUS_ACTIVITY", "user_id": null, "details": {"type": "unusual_login_time", "ip": "127.0.0.1"}, "ip_address": null}
2026-09-08 00:30:35,566 - AUDIT - {"timestamp": "2026-09-08T00:30:35.566396", "action": "SUSPICIOUS_ACTIVITY", "user_id": null, "details": {"type": "unusual_login_time", "ip": "127.0.0.1"}, "ip_address": null}
2026-09-08 00:30:35,566 - AUDIT - {"timestamp": "2026-09-08T00:30:35.566396", "action": "SUSPICIOUS_ACTIVITY", "user_id": null, "details": {"type": "unusual_login_time", "ip": "127.0.0.1"}, "ip_address": null}
2026-09-08 00:30:35,566 - AUDIT - {"timestamp": "2026-09-08T00:30:35.566396", "action": "SUSPICIOUS_ACTIVITY", "user_id": null, "details": {"type": "unusual_login_time", "ip": "127.0.0.1"}, "ip_address": null}
2026-09-08 00:30:35,566 - AUDIT - {"timestamp": "2026-09-08T00:30:35.566396", "action": "SUSPICIOUS_ACTIVITY", "user_id": null, "details": {"type": "unusual_login_time", "ip": "127.0.0.1"}, "ip_address": null}
2026-09-08 00:30:35,566 - AUDIT - {"timestamp": "2026-09-08T00:30:35.566396", "action": "SUSPICIOUS_ACTIVITY", "user_id": null, "details": {"type": "unusual_login_time", "ip": "127.0.0.1"}, "ip_address": null}
2026-09-08 00:30:35,656 - AUDIT - {"timestamp": "2026-09-08T00:30:35.656891", "action": "LOGIN_SUCCESS", "user_id": 12, "details": {"ip": "127.0.0.1", "user_agent": "Mozilla/5.0 (Windows NT 10.0; Win64; x64) AppleWebKit/537.36 (KHTML, like Gecko) Chrome/151.0.0.0 Safari/537.36"}, "ip_address": null}
2026-09-08 00:30:35,656 - AUDIT - {"timestamp": "2026-09-08T00:30:35.656891", "action": "LOGIN_SUCCESS", "user_id": 12, "details": {"ip": "127.0.0.1", "user_agent": "Mozilla/5.0 (Windows NT 10.0; Win64; x64) AppleWebKit/537.36 (KHTML, like Gecko) Chrome/151.0.0.0 Safari/537.36"}, "ip_address": null}
2026-09-08 00:30:35,656 - AUDIT - {"timestamp": "2026-09-08T00:30:35.656891", "action": "LOGIN_SUCCESS", "user_id": 12, "details": {"ip": "127.0.0.1", "user_agent": "Mozilla/5.0 (Windows NT 10.0; Win64; x64) AppleWebKit/537.36 (KHTML, like Gecko) Chrome/151.0.0.0 Safari/537.36"}, "ip_address": null}
2026-09-08 00:30:35,656 - AUDIT - {"timestamp": "2026-09-08T00:30:35.656891", "action": "LOGIN_SUCCESS", "user_id": 12, "details": {"ip": "127.0.0.1", "user_agent": "Mozilla/5.0 (Windows NT 10.0; Win64; x64) AppleWebKit/537.36 (KHTML, like Gecko) Chrome/151.0.0.0 Safari/537.36"}, "ip_address": null}
2026-09-08 00:30:35,656 - AUDIT - {"timestamp": "2026-09-08T00:30:35.656891", "action": "LOGIN_SUCCESS", "user_id": 12, "details": {"ip": "127.0.0.1", "user_agent": "Mozilla/5.0 (Windows NT 10.0; Win64; x64) AppleWebKit/537.36 (KHTML, like Gecko) Chrome/151.0.0.0 Safari/537.36"}, "ip_address": null}
2026-09-08 00:30:35,656 - AUDIT - {"timestamp": "2026-09-08T00:30:35.656891", "action": "LOGIN_SUCCESS", "user_id": 12, "details": {"ip": "127.0.0.1", "user_agent": "Mozilla/5.0 (Windows NT 10.0; Win64; x64) AppleWebKit/537.36 (KHTML, like Gecko) Chrome/151.0.0.0 Safari/537.36"}, "ip_address": null}
2026-09-08 00:53:25,074 - AUDIT - {"timestamp": "2026-09-08T00:53:25.073991", "action": "START_user_registration", "user_id": null, "details": {}, "ip_address": null}
2026-09-08 00:53:25,074 - AUDIT - {"timestamp": "2026-09-08T00:53:25.073991", "action": "START_user_registration", "user_id": null, "details": {}, "ip_address": null}
2026-09-08 00:53:25,079 - AUDIT - {"timestamp": "2026-09-08T00:53:25.079123", "action": "SUCCESS_user_registration", "user_id": null, "details": {}, "ip_address": null}
2026-09-08 00:53:25,079 - AUDIT - {"timestamp": "2026-09-08T00:53:25.079123", "action": "SUCCESS_user_registration", "user_id": null, "details": {}, "ip_address": null}
2026-09-08 00:53:52,750 - AUDIT - {"timestamp": "2026-09-08T00:53:52.750016", "action": "SUSPICIOUS_ACTIVITY", "user_id": null, "details": {"type": "unusual_login_time", "ip": "127.0.0.1"}, "ip_address": null}
2026-09-08 00:53:52,750 - AUDIT - {"timestamp": "2026-09-08T00:53:52.750016", "action": "SUSPICIOUS_ACTIVITY", "user_id": null, "details": {"type": "unusual_login_time", "ip": "127.0.0.1"}, "ip_address": null}
2026-09-08 00:53:52,838 - AUDIT - {"timestamp": "2026-09-08T00:53:52.838792", "action": "LOGIN_SUCCESS", "user_id": 12, "details": {"ip": "127.0.0.1", "user_agent": "Mozilla/5.0 (Windows NT 10.0; Win64; x64) AppleWebKit/537.36 (KHTML, like Gecko) Chrome/151.0.0.0 Safari/537.36"}, "ip_address": null}
2026-09-08 00:53:52,838 - AUDIT - {"timestamp": "2026-09-08T00:53:52.838792", "action": "LOGIN_SUCCESS", "user_id": 12, "details": {"ip": "127.0.0.1", "user_agent": "Mozilla/5.0 (Windows NT 10.0; Win64; x64) AppleWebKit/537.36 (KHTML, like Gecko) Chrome/151.0.0.0 Safari/537.36"}, "ip_address": null}
2026-09-08 01:14:23,961 - AUDIT - {"timestamp": "2026-09-08T01:14:23.961947", "action": "START_user_registration", "user_id": null, "details": {}, "ip_address": null}
2026-09-08 01:14:23,961 - AUDIT - {"timestamp": "2026-09-08T01:14:23.961947", "action": "START_user_registration", "user_id": null, "details": {}, "ip_address": null}
2026-09-08 01:14:24,194 - AUDIT - {"timestamp": "2026-09-08T01:14:24.194027", "action": "SUCCESS_user_registration", "user_id": null, "details": {}, "ip_address": null}
2026-09-08 01:14:24,194 - AUDIT - {"timestamp": "2026-09-08T01:14:24.194027", "action": "SUCCESS_user_registration", "user_id": null, "details": {}, "ip_address": null}
2026-09-08 01:15:23,561 - AUDIT - {"timestamp": "2026-09-08T01:15:23.561871", "action": "START_user_registration", "user_id": null, "details": {}, "ip_address": null}
2026-09-08 01:15:23,561 - AUDIT - {"timestamp": "2026-09-08T01:15:23.561871", "action": "START_user_registration", "user_id": null, "details": {}, "ip_address": null}
2026-09-08 01:15:23,561 - AUDIT - {"timestamp": "2026-09-08T01:15:23.561871", "action": "START_user_registration", "user_id": null, "details": {}, "ip_address": null}
2026-09-08 01:15:23,672 - AUDIT - {"timestamp": "2026-09-08T01:15:23.672960", "action": "SUCCESS_user_registration", "user_id": null, "details": {}, "ip_address": null}
2026-09-08 01:15:23,672 - AUDIT - {"timestamp": "2026-09-08T01:15:23.672960", "action": "SUCCESS_user_registration", "user_id": null, "details": {}, "ip_address": null}
2026-09-08 01:15:23,672 - AUDIT - {"timestamp": "2026-09-08T01:15:23.672960", "action": "SUCCESS_user_registration", "user_id": null, "details": {}, "ip_address": null}
2026-09-08 01:15:31,879 - AUDIT - {"timestamp": "2026-09-08T01:15:31.879732", "action": "SUSPICIOUS_ACTIVITY", "user_id": null, "details": {"type": "unusual_login_time", "ip": "127.0.0.1"}, "ip_address": null}
2026-09-08 01:15:31,879 - AUDIT - {"timestamp": "2026-09-08T01:15:31.879732", "action": "SUSPICIOUS_ACTIVITY", "user_id": null, "details": {"type": "unusual_login_time", "ip": "127.0.0.1"}, "ip_address": null}
2026-09-08 01:15:31,879 - AUDIT - {"timestamp": "2026-09-08T01:15:31.879732", "action": "SUSPICIOUS_ACTIVITY", "user_id": null, "details": {"type": "unusual_login_time", "ip": "127.0.0.1"}, "ip_address": null}
2026-09-08 01:15:31,973 - AUDIT - {"timestamp": "2026-09-08T01:15:31.973690", "action": "LOGIN_SUCCESS", "user_id": 13, "details": {"ip": "127.0.0.1", "user_agent": "Mozilla/5.0 (Windows NT 10.0; Win64; x64) AppleWebKit/537.36 (KHTML, like Gecko) Chrome/151.0.0.0 Safari/537.36"}, "ip_address": null}
2026-09-08 01:15:31,973 - AUDIT - {"timestamp": "2026-09-08T01:15:31.973690", "action": "LOGIN_SUCCESS", "user_id": 13, "details": {"ip": "127.0.0.1", "user_agent": "Mozilla/5.0 (Windows NT 10.0; Win64; x64) AppleWebKit/537.36 (KHTML, like Gecko) Chrome/151.0.0.0 Safari/537.36"}, "ip_address": null}
2026-09-08 01:15:31,973 - AUDIT - {"timestamp": "2026-09-08T01:15:31.973690", "action": "LOGIN_SUCCESS", "user_id": 13, "details": {"ip": "127.0.0.1", "user_agent": "Mozilla/5.0 (Windows NT 10.0; Win64; x64) AppleWebKit/537.36 (KHTML, like Gecko) Chrome/151.0.0.0 Safari/537.36"}, "ip_address": null}
2026-09-08 01:17:07,442 - AUDIT - {"timestamp": "2026-09-08T01:17:07.442048", "action": "SUSPICIOUS_ACTIVITY", "user_id": null, "details": {"type": "unusual_login_time", "ip": "127.0.0.1"}, "ip_address": null}
2026-09-08 01:17:07,442 - AUDIT - {"timestamp": "2026-09-08T01:17:07.442048", "action": "SUSPICIOUS_ACTIVITY", "user_id": null, "details": {"type": "unusual_login_time", "ip": "127.0.0.1"}, "ip_address": null}
2026-09-08 01:17:07,442 - AUDIT - {"timestamp": "2026-09-08T01:17:07.442048", "action": "SUSPICIOUS_ACTIVITY", "user_id": null, "details": {"type": "unusual_login_time", "ip": "127.0.0.1"}, "ip_address": null}
2026-09-08 01:17:07,516 - AUDIT - {"timestamp": "2026-09-08T01:17:07.515970", "action": "LOGIN_SUCCESS", "user_id": 12, "details": {"ip": "127.0.0.1", "user_agent": "Mozilla/5.0 (Windows NT 10.0; Win64; x64) AppleWebKit/537.36 (KHTML, like Gecko) Chrome/151.0.0.0 Safari/537.36"}, "ip_address": null}
2026-09-08 01:17:07,516 - AUDIT - {"timestamp": "2026-09-08T01:17:07.515970", "action": "LOGIN_SUCCESS", "user_id": 12, "details": {"ip": "127.0.0.1", "user_agent": "Mozilla/5.0 (Windows NT 10.0; Win64; x64) AppleWebKit/537.36 (KHTML, like Gecko) Chrome/151.0.0.0 Safari/537.36"}, "ip_address": null}
2026-09-08 01:17:07,516 - AUDIT - {"timestamp": "2026-09-08T01:17:07.515970", "action": "LOGIN_SUCCESS", "user_id": 12, "details": {"ip": "127.0.0.1", "user_agent": "Mozilla/5.0 (Windows NT 10.0; Win64; x64) AppleWebKit/537.36 (KHTML, like Gecko) Chrome/151.0.0.0 Safari/537.36"}, "ip_address": null}
2026-09-08 01:17:26,684 - AUDIT - {"timestamp": "2026-09-08T01:17:26.683964", "action": "START_publish_product", "user_id": 12, "details": {}, "ip_address": null}
2026-09-08 01:17:26,684 - AUDIT - {"timestamp": "2026-09-08T01:17:26.683964", "action": "START_publish_product", "user_id": 12, "details": {}, "ip_address": null}
2026-09-08 01:17:26,684 - AUDIT - {"timestamp": "2026-09-08T01:17:26.683964", "action": "START_publish_product", "user_id": 12, "details": {}, "ip_address": null}
2026-09-08 01:17:26,684 - AUDIT - {"timestamp": "2026-09-08T01:17:26.683964", "action": "START_publish_product", "user_id": 12, "details": {}, "ip_address": null}
2026-09-08 01:17:26,817 - AUDIT - {"timestamp": "2026-09-08T01:17:26.817601", "action": "SUCCESS_publish_product", "user_id": 12, "details": {}, "ip_address": null}
2026-09-08 01:17:26,817 - AUDIT - {"timestamp": "2026-09-08T01:17:26.817601", "action": "SUCCESS_publish_product", "user_id": 12, "details": {}, "ip_address": null}
2026-09-08 01:17:26,817 - AUDIT - {"timestamp": "2026-09-08T01:17:26.817601", "action": "SUCCESS_publish_product", "user_id": 12, "details": {}, "ip_address": null}
2026-09-08 01:17:26,817 - AUDIT - {"timestamp": "2026-09-08T01:17:26.817601", "action": "SUCCESS_publish_product", "user_id": 12, "details": {}, "ip_address": null}
2026-09-08 01:18:49,362 - AUDIT - {"timestamp": "2026-09-08T01:18:49.362022", "action": "START_publish_product", "user_id": 12, "details": {}, "ip_address": null}
2026-09-08 01:18:49,362 - AUDIT - {"timestamp": "2026-09-08T01:18:49.362022", "action": "START_publish_product", "user_id": 12, "details": {}, "ip_address": null}
2026-09-08 01:18:49,362 - AUDIT - {"timestamp": "2026-09-08T01:18:49.362022", "action": "START_publish_product", "user_id": 12, "details": {}, "ip_address": null}
2026-09-08 01:18:49,362 - AUDIT - {"timestamp": "2026-09-08T01:18:49.362022", "action": "START_publish_product", "user_id": 12, "details": {}, "ip_address": null}
2026-09-08 01:18:49,362 - AUDIT - {"timestamp": "2026-09-08T01:18:49.362022", "action": "START_publish_product", "user_id": 12, "details": {}, "ip_address": null}
2026-09-08 01:18:51,700 - AUDIT - {"timestamp": "2026-09-08T01:18:51.700659", "action": "SUCCESS_publish_product", "user_id": 12, "details": {}, "ip_address": null}
2026-09-08 01:18:51,700 - AUDIT - {"timestamp": "2026-09-08T01:18:51.700659", "action": "SUCCESS_publish_product", "user_id": 12, "details": {}, "ip_address": null}
2026-09-08 01:18:51,700 - AUDIT - {"timestamp": "2026-09-08T01:18:51.700659", "action": "SUCCESS_publish_product", "user_id": 12, "details": {}, "ip_address": null}
2026-09-08 01:18:51,700 - AUDIT - {"timestamp": "2026-09-08T01:18:51.700659", "action": "SUCCESS_publish_product", "user_id": 12, "details": {}, "ip_address": null}
2026-09-08 01:18:51,700 - AUDIT - {"timestamp": "2026-09-08T01:18:51.700659", "action": "SUCCESS_publish_product", "user_id": 12, "details": {}, "ip_address": null}
2026-09-08 01:19:48,682 - AUDIT - {"timestamp": "2026-09-08T01:19:48.682173", "action": "START_publish_product", "user_id": 12, "details": {}, "ip_address": null}
2026-09-08 01:19:48,682 - AUDIT - {"timestamp": "2026-09-08T01:19:48.682173", "action": "START_publish_product", "user_id": 12, "details": {}, "ip_address": null}
2026-09-08 01:19:48,682 - AUDIT - {"timestamp": "2026-09-08T01:19:48.682173", "action": "START_publish_product", "user_id": 12, "details": {}, "ip_address": null}
2026-09-08 01:19:48,682 - AUDIT - {"timestamp": "2026-09-08T01:19:48.682173", "action": "START_publish_product", "user_id": 12, "details": {}, "ip_address": null}
2026-09-08 01:19:48,682 - AUDIT - {"timestamp": "2026-09-08T01:19:48.682173", "action": "START_publish_product", "user_id": 12, "details": {}, "ip_address": null}
2026-09-08 01:19:48,682 - AUDIT - {"timestamp": "2026-09-08T01:19:48.682173", "action": "START_publish_product", "user_id": 12, "details": {}, "ip_address": null}
2026-09-08 01:19:48,682 - AUDIT - {"timestamp": "2026-09-08T01:19:48.682627", "action": "SUCCESS_publish_product", "user_id": 12, "details": {}, "ip_address": null}
2026-09-08 01:19:48,682 - AUDIT - {"timestamp": "2026-09-08T01:19:48.682627", "action": "SUCCESS_publish_product", "user_id": 12, "details": {}, "ip_address": null}
2026-09-08 01:19:48,682 - AUDIT - {"timestamp": "2026-09-08T01:19:48.682627", "action": "SUCCESS_publish_product", "user_id": 12, "details": {}, "ip_address": null}
2026-09-08 01:19:48,682 - AUDIT - {"timestamp": "2026-09-08T01:19:48.682627", "action": "SUCCESS_publish_product", "user_id": 12, "details": {}, "ip_address": null}
2026-09-08 01:19:48,682 - AUDIT - {"timestamp": "2026-09-08T01:19:48.682627", "action": "SUCCESS_publish_product", "user_id": 12, "details": {}, "ip_address": null}
2026-09-08 01:19:48,682 - AUDIT - {"timestamp": "2026-09-08T01:19:48.682627", "action": "SUCCESS_publish_product", "user_id": 12, "details": {}, "ip_address": null}
2026-09-12 15:17:54,612 - AUDIT - {"timestamp": "2026-09-12T15:17:54.612323", "action": "LOGIN_SUCCESS", "user_id": 12, "details": {"ip": "127.0.0.1", "user_agent": "Mozilla/5.0 (Windows NT 10.0; Win64; x64) AppleWebKit/537.36 (KHTML, like Gecko) Chrome/151.0.0.0 Safari/537.36"}, "ip_address": null}
2026-09-12 15:20:48,262 - AUDIT - {"timestamp": "2026-09-12T15:20:48.261974", "action": "START_ADMIN_PANEL_ACCESS", "user_id": 12, "details": {}, "ip_address": null}
2026-09-12 15:20:48,262 - AUDIT - {"timestamp": "2026-09-12T15:20:48.261974", "action": "START_ADMIN_PANEL_ACCESS", "user_id": 12, "details": {}, "ip_address": null}
2026-09-12 15:20:48,309 - AUDIT - {"timestamp": "2026-09-12T15:20:48.309505", "action": "SUCCESS_ADMIN_PANEL_ACCESS", "user_id": 12, "details": {}, "ip_address": null}
2026-09-12 15:20:48,309 - AUDIT - {"timestamp": "2026-09-12T15:20:48.309505", "action": "SUCCESS_ADMIN_PANEL_ACCESS", "user_id": 12, "details": {}, "ip_address": null}
2026-09-12 15:20:52,751 - AUDIT - {"timestamp": "2026-09-12T15:20:52.751418", "action": "START_ADMIN_PANEL_ACCESS", "user_id": 12, "details": {}, "ip_address": null}
2026-09-12 15:20:52,751 - AUDIT - {"timestamp": "2026-09-12T15:20:52.751418", "action": "START_ADMIN_PANEL_ACCESS", "user_id": 12, "details": {}, "ip_address": null}
2026-09-12 15:20:52,751 - AUDIT - {"timestamp": "2026-09-12T15:20:52.751418", "action": "START_ADMIN_PANEL_ACCESS", "user_id": 12, "details": {}, "ip_address": null}
2026-09-12 15:20:52,756 - AUDIT - {"timestamp": "2026-09-12T15:20:52.756510", "action": "SUCCESS_ADMIN_PANEL_ACCESS", "user_id": 12, "details": {}, "ip_address": null}
2026-09-12 15:20:52,756 - AUDIT - {"timestamp": "2026-09-12T15:20:52.756510", "action": "SUCCESS_ADMIN_PANEL_ACCESS", "user_id": 12, "details": {}, "ip_address": null}
2026-09-12 15:20:52,756 - AUDIT - {"timestamp": "2026-09-12T15:20:52.756510", "action": "SUCCESS_ADMIN_PANEL_ACCESS", "user_id": 12, "details": {}, "ip_address": null}
2026-09-12 15:21:12,577 - AUDIT - {"timestamp": "2026-09-12T15:21:12.577555", "action": "START_ADMIN_USER_BAN", "user_id": 12, "details": {}, "ip_address": null}
2026-09-12 15:21:12,577 - AUDIT - {"timestamp": "2026-09-12T15:21:12.577555", "action": "START_ADMIN_USER_BAN", "user_id": 12, "details": {}, "ip_address": null}
2026-09-12 15:21:12,577 - AUDIT - {"timestamp": "2026-09-12T15:21:12.577555", "action": "START_ADMIN_USER_BAN", "user_id": 12, "details": {}, "ip_address": null}
2026-09-12 15:21:12,577 - AUDIT - {"timestamp": "2026-09-12T15:21:12.577555", "action": "START_ADMIN_USER_BAN", "user_id": 12, "details": {}, "ip_address": null}
2026-09-12 15:21:12,609 - AUDIT - {"timestamp": "2026-09-12T15:21:12.609063", "action": "SUCCESS_ADMIN_USER_BAN", "user_id": 12, "details": {}, "ip_address": null}
2026-09-12 15:21:12,609 - AUDIT - {"timestamp": "2026-09-12T15:21:12.609063", "action": "SUCCESS_ADMIN_USER_BAN", "user_id": 12, "details": {}, "ip_address": null}
2026-09-12 15:21:12,609 - AUDIT - {"timestamp": "2026-09-12T15:21:12.609063", "action": "SUCCESS_ADMIN_USER_BAN", "user_id": 12, "details": {}, "ip_address": null}
2026-09-12 15:21:12,609 - AUDIT - {"timestamp": "2026-09-12T15:21:12.609063", "action": "SUCCESS_ADMIN_USER_BAN", "user_id": 12, "details": {}, "ip_address": null}
2026-09-12 15:21:12,909 - AUDIT - {"timestamp": "2026-09-12T15:21:12.909743", "action": "START_ADMIN_PANEL_ACCESS", "user_id": 12, "details": {}, "ip_address": null}
2026-09-12 15:21:12,909 - AUDIT - {"timestamp": "2026-09-12T15:21:12.909743", "action": "START_ADMIN_PANEL_ACCESS", "user_id": 12, "details": {}, "ip_address": null}
2026-09-12 15:21:12,909 - AUDIT - {"timestamp": "2026-09-12T15:21:12.909743", "action": "START_ADMIN_PANEL_ACCESS", "user_id": 12, "details": {}, "ip_address": null}
2026-09-12 15:21:12,909 - AUDIT - {"timestamp": "2026-09-12T15:21:12.909743", "action": "START_ADMIN_PANEL_ACCESS", "user_id": 12, "details": {}, "ip_address": null}
2026-09-12 15:21:12,909 - AUDIT - {"timestamp": "2026-09-12T15:21:12.909743", "action": "START_ADMIN_PANEL_ACCESS", "user_id": 12, "details": {}, "ip_address": null}
2026-09-12 15:21:12,915 - AUDIT - {"timestamp": "2026-09-12T15:21:12.914973", "action": "SUCCESS_ADMIN_PANEL_ACCESS", "user_id": 12, "details": {}, "ip_address": null}
2026-09-12 15:21:12,915 - AUDIT - {"timestamp": "2026-09-12T15:21:12.914973", "action": "SUCCESS_ADMIN_PANEL_ACCESS", "user_id": 12, "details": {}, "ip_address": null}
2026-09-12 15:21:12,915 - AUDIT - {"timestamp": "2026-09-12T15:21:12.914973", "action": "SUCCESS_ADMIN_PANEL_ACCESS", "user_id": 12, "details": {}, "ip_address": null}
2026-09-12 15:21:12,915 - AUDIT - {"timestamp": "2026-09-12T15:21:12.914973", "action": "SUCCESS_ADMIN_PANEL_ACCESS", "user_id": 12, "details": {}, "ip_address": null}
2026-09-12 15:21:12,915 - AUDIT - {"timestamp": "2026-09-12T15:21:12.914973", "action": "SUCCESS_ADMIN_PANEL_ACCESS", "user_id": 12, "details": {}, "ip_address": null}
2026-09-12 15:21:49,842 - AUDIT - {"timestamp": "2026-09-12T15:21:49.841976", "action": "START_ADMIN_PANEL_ACCESS", "user_id": 12, "details": {}, "ip_address": null}
2026-09-12 15:21:49,842 - AUDIT - {"timestamp": "2026-09-12T15:21:49.841976", "action": "START_ADMIN_PANEL_ACCESS", "user_id": 12, "details": {}, "ip_address": null}
2026-09-12 15:21:49,842 - AUDIT - {"timestamp": "2026-09-12T15:21:49.841976", "action": "START_ADMIN_PANEL_ACCESS", "user_id": 12, "details": {}, "ip_address": null}
2026-09-12 15:21:49,842 - AUDIT - {"timestamp": "2026-09-12T15:21:49.841976", "action": "START_ADMIN_PANEL_ACCESS", "user_id": 12, "details": {}, "ip_address": null}
2026-09-12 15:21:49,842 - AUDIT - {"timestamp": "2026-09-12T15:21:49.841976", "action": "START_ADMIN_PANEL_ACCESS", "user_id": 12, "details": {}, "ip_address": null}
2026-09-12 15:21:49,842 - AUDIT - {"timestamp": "2026-09-12T15:21:49.841976", "action": "START_ADMIN_PANEL_ACCESS", "user_id": 12, "details": {}, "ip_address": null}
2026-09-12 15:21:49,848 - AUDIT - {"timestamp": "2026-09-12T15:21:49.848964", "action": "SUCCESS_ADMIN_PANEL_ACCESS", "user_id": 12, "details": {}, "ip_address": null}
2026-09-12 15:21:49,848 - AUDIT - {"timestamp": "2026-09-12T15:21:49.848964", "action": "SUCCESS_ADMIN_PANEL_ACCESS", "user_id": 12, "details": {}, "ip_address": null}
2026-09-12 15:21:49,848 - AUDIT - {"timestamp": "2026-09-12T15:21:49.848964", "action": "SUCCESS_ADMIN_PANEL_ACCESS", "user_id": 12, "details": {}, "ip_address": null}
2026-09-12 15:21:49,848 - AUDIT - {"timestamp": "2026-09-12T15:21:49.848964", "action": "SUCCESS_ADMIN_PANEL_ACCESS", "user_id": 12, "details": {}, "ip_address": null}
2026-09-12 15:21:49,848 - AUDIT - {"timestamp": "2026-09-12T15:21:49.848964", "action": "SUCCESS_ADMIN_PANEL_ACCESS", "user_id": 12, "details": {}, "ip_address": null}
2026-09-12 15:21:49,848 - AUDIT - {"timestamp": "2026-09-12T15:21:49.848964", "action": "SUCCESS_ADMIN_PANEL_ACCESS", "user_id": 12, "details": {}, "ip_address": null}
2026-09-12 15:22:00,851 - AUDIT - {"timestamp": "2026-09-12T15:22:00.851803", "action": "START_ADMIN_USER_BAN", "user_id": 12, "details": {}, "ip_address": null}
2026-09-12 15:22:00,851 - AUDIT - {"timestamp": "2026-09-12T15:22:00.851803", "action": "START_ADMIN_USER_BAN", "user_id": 12, "details": {}, "ip_address": null}
2026-09-12 15:22:00,851 - AUDIT - {"timestamp": "2026-09-12T15:22:00.851803", "action": "START_ADMIN_USER_BAN", "user_id": 12, "details": {}, "ip_address": null}
2026-09-12 15:22:00,851 - AUDIT - {"timestamp": "2026-09-12T15:22:00.851803", "action": "START_ADMIN_USER_BAN", "user_id": 12, "details": {}, "ip_address": null}
2026-09-12 15:22:00,851 - AUDIT - {"timestamp": "2026-09-12T15:22:00.851803", "action": "START_ADMIN_USER_BAN", "user_id": 12, "details": {}, "ip_address": null}
2026-09-12 15:22:00,851 - AUDIT - {"timestamp": "2026-09-12T15:22:00.851803", "action": "START_ADMIN_USER_BAN", "user_id": 12, "details": {}, "ip_address": null}
2026-09-12 15:22:00,851 - AUDIT - {"timestamp": "2026-09-12T15:22:00.851803", "action": "START_ADMIN_USER_BAN", "user_id": 12, "details": {}, "ip_address": null}
2026-09-12 15:22:00,988 - AUDIT - {"timestamp": "2026-09-12T15:22:00.988260", "action": "SUCCESS_ADMIN_USER_BAN", "user_id": 12, "details": {}, "ip_address": null}
2026-09-12 15:22:00,988 - AUDIT - {"timestamp": "2026-09-12T15:22:00.988260", "action": "SUCCESS_ADMIN_USER_BAN", "user_id": 12, "details": {}, "ip_address": null}
2026-09-12 15:22:00,988 - AUDIT - {"timestamp": "2026-09-12T15:22:00.988260", "action": "SUCCESS_ADMIN_USER_BAN", "user_id": 12, "details": {}, "ip_address": null}
2026-09-12 15:22:00,988 - AUDIT - {"timestamp": "2026-09-12T15:22:00.988260", "action": "SUCCESS_ADMIN_USER_BAN", "user_id": 12, "details": {}, "ip_address": null}
2026-09-12 15:22:00,988 - AUDIT - {"timestamp": "2026-09-12T15:22:00.988260", "action": "SUCCESS_ADMIN_USER_BAN", "user_id": 12, "details": {}, "ip_address": null}
2026-09-12 15:22:00,988 - AUDIT - {"timestamp": "2026-09-12T15:22:00.988260", "action": "SUCCESS_ADMIN_USER_BAN", "user_id": 12, "details": {}, "ip_address": null}
2026-09-12 15:22:00,988 - AUDIT - {"timestamp": "2026-09-12T15:22:00.988260", "action": "SUCCESS_ADMIN_USER_BAN", "user_id": 12, "details": {}, "ip_address": null}
2026-09-12 15:22:01,361 - AUDIT - {"timestamp": "2026-09-12T15:22:01.361783", "action": "START_ADMIN_PANEL_ACCESS", "user_id": 12, "details": {}, "ip_address": null}
2026-09-12 15:22:01,361 - AUDIT - {"timestamp": "2026-09-12T15:22:01.361783", "action": "START_ADMIN_PANEL_ACCESS", "user_id": 12, "details": {}, "ip_address": null}
2026-09-12 15:22:01,361 - AUDIT - {"timestamp": "2026-09-12T15:22:01.361783", "action": "START_ADMIN_PANEL_ACCESS", "user_id": 12, "details": {}, "ip_address": null}
2026-09-12 15:22:01,361 - AUDIT - {"timestamp": "2026-09-12T15:22:01.361783", "action": "START_ADMIN_PANEL_ACCESS", "user_id": 12, "details": {}, "ip_address": null}
2026-09-12 15:22:01,361 - AUDIT - {"timestamp": "2026-09-12T15:22:01.361783", "action": "START_ADMIN_PANEL_ACCESS", "user_id": 12, "details": {}, "ip_address": null}
2026-09-12 15:22:01,361 - AUDIT - {"timestamp": "2026-09-12T15:22:01.361783", "action": "START_ADMIN_PANEL_ACCESS", "user_id": 12, "details": {}, "ip_address": null}
2026-09-12 15:22:01,361 - AUDIT - {"timestamp": "2026-09-12T15:22:01.361783", "action": "START_ADMIN_PANEL_ACCESS", "user_id": 12, "details": {}, "ip_address": null}
2026-09-12 15:22:01,361 - AUDIT - {"timestamp": "2026-09-12T15:22:01.361783", "action": "START_ADMIN_PANEL_ACCESS", "user_id": 12, "details": {}, "ip_address": null}
2026-09-12 15:22:01,365 - AUDIT - {"timestamp": "2026-09-12T15:22:01.365942", "action": "SUCCESS_ADMIN_PANEL_ACCESS", "user_id": 12, "details": {}, "ip_address": null}
2026-09-12 15:22:01,365 - AUDIT - {"timestamp": "2026-09-12T15:22:01.365942", "action": "SUCCESS_ADMIN_PANEL_ACCESS", "user_id": 12, "details": {}, "ip_address": null}
2026-09-12 15:22:01,365 - AUDIT - {"timestamp": "2026-09-12T15:22:01.365942", "action": "SUCCESS_ADMIN_PANEL_ACCESS", "user_id": 12, "details": {}, "ip_address": null}
2026-09-12 15:22:01,365 - AUDIT - {"timestamp": "2026-09-12T15:22:01.365942", "action": "SUCCESS_ADMIN_PANEL_ACCESS", "user_id": 12, "details": {}, "ip_address": null}
2026-09-12 15:22:01,365 - AUDIT - {"timestamp": "2026-09-12T15:22:01.365942", "action": "SUCCESS_ADMIN_PANEL_ACCESS", "user_id": 12, "details": {}, "ip_address": null}
2026-09-12 15:22:01,365 - AUDIT - {"timestamp": "2026-09-12T15:22:01.365942", "action": "SUCCESS_ADMIN_PANEL_ACCESS", "user_id": 12, "details": {}, "ip_address": null}
2026-09-12 15:22:01,365 - AUDIT - {"timestamp": "2026-09-12T15:22:01.365942", "action": "SUCCESS_ADMIN_PANEL_ACCESS", "user_id": 12, "details": {}, "ip_address": null}
2026-09-12 15:22:01,365 - AUDIT - {"timestamp": "2026-09-12T15:22:01.365942", "action": "SUCCESS_ADMIN_PANEL_ACCESS", "user_id": 12, "details": {}, "ip_address": null}
2026-09-12 15:22:16,491 - AUDIT - {"timestamp": "2026-09-12T15:22:16.491146", "action": "START_ADMIN_USER_BAN", "user_id": 12, "details": {}, "ip_address": null}
2026-09-12 15:22:16,491 - AUDIT - {"timestamp": "2026-09-12T15:22:16.491146", "action": "START_ADMIN_USER_BAN", "user_id": 12, "details": {}, "ip_address": null}
2026-09-12 15:22:16,491 - AUDIT - {"timestamp": "2026-09-12T15:22:16.491146", "action": "START_ADMIN_USER_BAN", "user_id": 12, "details": {}, "ip_address": null}
2026-09-12 15:22:16,491 - AUDIT - {"timestamp": "2026-09-12T15:22:16.491146", "action": "START_ADMIN_USER_BAN", "user_id": 12, "details": {}, "ip_address": null}
2026-09-12 15:22:16,491 - AUDIT - {"timestamp": "2026-09-12T15:22:16.491146", "action": "START_ADMIN_USER_BAN", "user_id": 12, "details": {}, "ip_address": null}
2026-09-12 15:22:16,491 - AUDIT - {"timestamp": "2026-09-12T15:22:16.491146", "action": "START_ADMIN_USER_BAN", "user_id": 12, "details": {}, "ip_address": null}
2026-09-12 15:22:16,491 - AUDIT - {"timestamp": "2026-09-12T15:22:16.491146", "action": "START_ADMIN_USER_BAN", "user_id": 12, "details": {}, "ip_address": null}
2026-09-12 15:22:16,491 - AUDIT - {"timestamp": "2026-09-12T15:22:16.491146", "action": "START_ADMIN_USER_BAN", "user_id": 12, "details": {}, "ip_address": null}
2026-09-12 15:22:16,491 - AUDIT - {"timestamp": "2026-09-12T15:22:16.491146", "action": "START_ADMIN_USER_BAN", "user_id": 12, "details": {}, "ip_address": null}
2026-09-12 15:22:16,639 - AUDIT - {"timestamp": "2026-09-12T15:22:16.639512", "action": "SUCCESS_ADMIN_USER_BAN", "user_id": 12, "details": {}, "ip_address": null}
2026-09-12 15:22:16,639 - AUDIT - {"timestamp": "2026-09-12T15:22:16.639512", "action": "SUCCESS_ADMIN_USER_BAN", "user_id": 12, "details": {}, "ip_address": null}
2026-09-12 15:22:16,639 - AUDIT - {"timestamp": "2026-09-12T15:22:16.639512", "action": "SUCCESS_ADMIN_USER_BAN", "user_id": 12, "details": {}, "ip_address": null}
2026-09-12 15:22:16,639 - AUDIT - {"timestamp": "2026-09-12T15:22:16.639512", "action": "SUCCESS_ADMIN_USER_BAN", "user_id": 12, "details": {}, "ip_address": null}
2026-09-12 15:22:16,639 - AUDIT - {"timestamp": "2026-09-12T15:22:16.639512", "action": "SUCCESS_ADMIN_USER_BAN", "user_id": 12, "details": {}, "ip_address": null}
2026-09-12 15:22:16,639 - AUDIT - {"timestamp": "2026-09-12T15:22:16.639512", "action": "SUCCESS_ADMIN_USER_BAN", "user_id": 12, "details": {}, "ip_address": null}
2026-09-12 15:22:16,639 - AUDIT - {"timestamp": "2026-09-12T15:22:16.639512", "action": "SUCCESS_ADMIN_USER_BAN", "user_id": 12, "details": {}, "ip_address": null}
2026-09-12 15:22:16,639 - AUDIT - {"timestamp": "2026-09-12T15:22:16.639512", "action": "SUCCESS_ADMIN_USER_BAN", "user_id": 12, "details": {}, "ip_address": null}
2026-09-12 15:22:16,639 - AUDIT - {"timestamp": "2026-09-12T15:22:16.639512", "action": "SUCCESS_ADMIN_USER_BAN", "user_id": 12, "details": {}, "ip_address": null}
2026-09-12 15:22:16,953 - AUDIT - {"timestamp": "2026-09-12T15:22:16.953334", "action": "START_ADMIN_PANEL_ACCESS", "user_id": 12, "details": {}, "ip_address": null}
2026-09-12 15:22:16,953 - AUDIT - {"timestamp": "2026-09-12T15:22:16.953334", "action": "START_ADMIN_PANEL_ACCESS", "user_id": 12, "details": {}, "ip_address": null}
2026-09-12 15:22:16,953 - AUDIT - {"timestamp": "2026-09-12T15:22:16.953334", "action": "START_ADMIN_PANEL_ACCESS", "user_id": 12, "details": {}, "ip_address": null}
2026-09-12 15:22:16,953 - AUDIT - {"timestamp": "2026-09-12T15:22:16.953334", "action": "START_ADMIN_PANEL_ACCESS", "user_id": 12, "details": {}, "ip_address": null}
2026-09-12 15:22:16,953 - AUDIT - {"timestamp": "2026-09-12T15:22:16.953334", "action": "START_ADMIN_PANEL_ACCESS", "user_id": 12, "details": {}, "ip_address": null}
2026-09-12 15:22:16,953 - AUDIT - {"timestamp": "2026-09-12T15:22:16.953334", "action": "START_ADMIN_PANEL_ACCESS", "user_id": 12, "details": {}, "ip_address": null}
2026-09-12 15:22:16,953 - AUDIT - {"timestamp": "2026-09-12T15:22:16.953334", "action": "START_ADMIN_PANEL_ACCESS", "user_id": 12, "details": {}, "ip_address": null}
2026-09-12 15:22:16,953 - AUDIT - {"timestamp": "2026-09-12T15:22:16.953334", "action": "START_ADMIN_PANEL_ACCESS", "user_id": 12, "details": {}, "ip_address": null}
2026-09-12 15:22:16,953 - AUDIT - {"timestamp": "2026-09-12T15:22:16.953334", "action": "START_ADMIN_PANEL_ACCESS", "user_id": 12, "details": {}, "ip_address": null}
2026-09-12 15:22:16,953 - AUDIT - {"timestamp": "2026-09-12T15:22:16.953334", "action": "START_ADMIN_PANEL_ACCESS", "user_id": 12, "details": {}, "ip_address": null}
2026-09-12 15:22:16,957 - AUDIT - {"timestamp": "2026-09-12T15:22:16.957836", "action": "SUCCESS_ADMIN_PANEL_ACCESS", "user_id": 12, "details": {}, "ip_address": null}
2026-09-12 15:22:16,957 - AUDIT - {"timestamp": "2026-09-12T15:22:16.957836", "action": "SUCCESS_ADMIN_PANEL_ACCESS", "user_id": 12, "details": {}, "ip_address": null}
2026-09-12 15:22:16,957 - AUDIT - {"timestamp": "2026-09-12T15:22:16.957836", "action": "SUCCESS_ADMIN_PANEL_ACCESS", "user_id": 12, "details": {}, "ip_address": null}
2026-09-12 15:22:16,957 - AUDIT - {"timestamp": "2026-09-12T15:22:16.957836", "action": "SUCCESS_ADMIN_PANEL_ACCESS", "user_id": 12, "details": {}, "ip_address": null}
2026-09-12 15:22:16,957 - AUDIT - {"timestamp": "2026-09-12T15:22:16.957836", "action": "SUCCESS_ADMIN_PANEL_ACCESS", "user_id": 12, "details": {}, "ip_address": null}
2026-09-12 15:22:16,957 - AUDIT - {"timestamp": "2026-09-12T15:22:16.957836", "action": "SUCCESS_ADMIN_PANEL_ACCESS", "user_id": 12, "details": {}, "ip_address": null}
2026-09-12 15:22:16,957 - AUDIT - {"timestamp": "2026-09-12T15:22:16.957836", "action": "SUCCESS_ADMIN_PANEL_ACCESS", "user_id": 12, "details": {}, "ip_address": null}
2026-09-12 15:22:16,957 - AUDIT - {"timestamp": "2026-09-12T15:22:16.957836", "action": "SUCCESS_ADMIN_PANEL_ACCESS", "user_id": 12, "details": {}, "ip_address": null}
2026-09-12 15:22:16,957 - AUDIT - {"timestamp": "2026-09-12T15:22:16.957836", "action": "SUCCESS_ADMIN_PANEL_ACCESS", "user_id": 12, "details": {}, "ip_address": null}
2026-09-12 15:22:16,957 - AUDIT - {"timestamp": "2026-09-12T15:22:16.957836", "action": "SUCCESS_ADMIN_PANEL_ACCESS", "user_id": 12, "details": {}, "ip_address": null}
2026-09-12 15:22:52,356 - AUDIT - {"timestamp": "2026-09-12T15:22:52.356456", "action": "LOGIN_FAILED", "user_id": null, "details": {"login_field": "imamomus@gmail.com", "ip": "127.0.0.1"}, "ip_address": null}
2026-09-12 15:22:52,356 - AUDIT - {"timestamp": "2026-09-12T15:22:52.356456", "action": "LOGIN_FAILED", "user_id": null, "details": {"login_field": "imamomus@gmail.com", "ip": "127.0.0.1"}, "ip_address": null}
2026-09-12 15:22:52,356 - AUDIT - {"timestamp": "2026-09-12T15:22:52.356456", "action": "LOGIN_FAILED", "user_id": null, "details": {"login_field": "imamomus@gmail.com", "ip": "127.0.0.1"}, "ip_address": null}
2026-09-12 15:22:52,356 - AUDIT - {"timestamp": "2026-09-12T15:22:52.356456", "action": "LOGIN_FAILED", "user_id": null, "details": {"login_field": "imamomus@gmail.com", "ip": "127.0.0.1"}, "ip_address": null}
2026-09-12 15:22:52,356 - AUDIT - {"timestamp": "2026-09-12T15:22:52.356456", "action": "LOGIN_FAILED", "user_id": null, "details": {"login_field": "imamomus@gmail.com", "ip": "127.0.0.1"}, "ip_address": null}
2026-09-12 15:22:52,356 - AUDIT - {"timestamp": "2026-09-12T15:22:52.356456", "action": "LOGIN_FAILED", "user_id": null, "details": {"login_field": "imamomus@gmail.com", "ip": "127.0.0.1"}, "ip_address": null}
2026-09-12 15:22:52,356 - AUDIT - {"timestamp": "2026-09-12T15:22:52.356456", "action": "LOGIN_FAILED", "user_id": null, "details": {"login_field": "imamomus@gmail.com", "ip": "127.0.0.1"}, "ip_address": null}
2026-09-12 15:22:52,356 - AUDIT - {"timestamp": "2026-09-12T15:22:52.356456", "action": "LOGIN_FAILED", "user_id": null, "details": {"login_field": "imamomus@gmail.com", "ip": "127.0.0.1"}, "ip_address": null}
2026-09-12 15:22:52,356 - AUDIT - {"timestamp": "2026-09-12T15:22:52.356456", "action": "LOGIN_FAILED", "user_id": null, "details": {"login_field": "imamomus@gmail.com", "ip": "127.0.0.1"}, "ip_address": null}
2026-09-12 15:22:52,356 - AUDIT - {"timestamp": "2026-09-12T15:22:52.356456", "action": "LOGIN_FAILED", "user_id": null, "details": {"login_field": "imamomus@gmail.com", "ip": "127.0.0.1"}, "ip_address": null}
2026-09-12 15:22:58,269 - AUDIT - {"timestamp": "2026-09-12T15:22:58.269324", "action": "LOGIN_FAILED", "user_id": null, "details": {"login_field": "imamomus@gmail.com", "ip": "127.0.0.1"}, "ip_address": null}
2026-09-12 15:22:58,269 - AUDIT - {"timestamp": "2026-09-12T15:22:58.269324", "action": "LOGIN_FAILED", "user_id": null, "details": {"login_field": "imamomus@gmail.com", "ip": "127.0.0.1"}, "ip_address": null}
2026-09-12 15:22:58,269 - AUDIT - {"timestamp": "2026-09-12T15:22:58.269324", "action": "LOGIN_FAILED", "user_id": null, "details": {"login_field": "imamomus@gmail.com", "ip": "127.0.0.1"}, "ip_address": null}
2026-09-12 15:22:58,269 - AUDIT - {"timestamp": "2026-09-12T15:22:58.269324", "action": "LOGIN_FAILED", "user_id": null, "details": {"login_field": "imamomus@gmail.com", "ip": "127.0.0.1"}, "ip_address": null}
2026-09-12 15:22:58,269 - AUDIT - {"timestamp": "2026-09-12T15:22:58.269324", "action": "LOGIN_FAILED", "user_id": null, "details": {"login_field": "imamomus@gmail.com", "ip": "127.0.0.1"}, "ip_address": null}
2026-09-12 15:22:58,269 - AUDIT - {"timestamp": "2026-09-12T15:22:58.269324", "action": "LOGIN_FAILED", "user_id": null, "details": {"login_field": "imamomus@gmail.com", "ip": "127.0.0.1"}, "ip_address": null}
2026-09-12 15:22:58,269 - AUDIT - {"timestamp": "2026-09-12T15:22:58.269324", "action": "LOGIN_FAILED", "user_id": null, "details": {"login_field": "imamomus@gmail.com", "ip": "127.0.0.1"}, "ip_address": null}
2026-09-12 15:22:58,269 - AUDIT - {"timestamp": "2026-09-12T15:22:58.269324", "action": "LOGIN_FAILED", "user_id": null, "details": {"login_field": "imamomus@gmail.com", "ip": "127.0.0.1"}, "ip_address": null}
2026-09-12 15:22:58,269 - AUDIT - {"timestamp": "2026-09-12T15:22:58.269324", "action": "LOGIN_FAILED", "user_id": null, "details": {"login_field": "imamomus@gmail.com", "ip": "127.0.0.1"}, "ip_address": null}
2026-09-12 15:22:58,269 - AUDIT - {"timestamp": "2026-09-12T15:22:58.269324", "action": "LOGIN_FAILED", "user_id": null, "details": {"login_field": "imamomus@gmail.com", "ip": "127.0.0.1"}, "ip_address": null}
2026-09-12 15:23:27,741 - AUDIT - {"timestamp": "2026-09-12T15:23:27.741714", "action": "START_ADMIN_PANEL_ACCESS", "user_id": null, "details": {}, "ip_address": null}
2026-09-12 15:23:27,741 - AUDIT - {"timestamp": "2026-09-12T15:23:27.741714", "action": "START_ADMIN_PANEL_ACCESS", "user_id": null, "details": {}, "ip_address": null}
2026-09-12 15:23:27,741 - AUDIT - {"timestamp": "2026-09-12T15:23:27.741714", "action": "START_ADMIN_PANEL_ACCESS", "user_id": null, "details": {}, "ip_address": null}
2026-09-12 15:23:27,741 - AUDIT - {"timestamp": "2026-09-12T15:23:27.741714", "action": "START_ADMIN_PANEL_ACCESS", "user_id": null, "details": {}, "ip_address": null}
2026-09-12 15:23:27,741 - AUDIT - {"timestamp": "2026-09-12T15:23:27.741714", "action": "START_ADMIN_PANEL_ACCESS", "user_id": null, "details": {}, "ip_address": null}
2026-09-12 15:23:27,741 - AUDIT - {"timestamp": "2026-09-12T15:23:27.741714", "action": "START_ADMIN_PANEL_ACCESS", "user_id": null, "details": {}, "ip_address": null}
2026-09-12 15:23:27,741 - AUDIT - {"timestamp": "2026-09-12T15:23:27.741714", "action": "START_ADMIN_PANEL_ACCESS", "user_id": null, "details": {}, "ip_address": null}
2026-09-12 15:23:27,741 - AUDIT - {"timestamp": "2026-09-12T15:23:27.741714", "action": "START_ADMIN_PANEL_ACCESS", "user_id": null, "details": {}, "ip_address": null}
2026-09-12 15:23:27,741 - AUDIT - {"timestamp": "2026-09-12T15:23:27.741714", "action": "START_ADMIN_PANEL_ACCESS", "user_id": null, "details": {}, "ip_address": null}
2026-09-12 15:23:27,741 - AUDIT - {"timestamp": "2026-09-12T15:23:27.741714", "action": "START_ADMIN_PANEL_ACCESS", "user_id": null, "details": {}, "ip_address": null}
2026-09-12 15:23:27,741 - AUDIT - {"timestamp": "2026-09-12T15:23:27.741714", "action": "START_ADMIN_PANEL_ACCESS", "user_id": null, "details": {}, "ip_address": null}
2026-09-12 15:23:27,746 - AUDIT - {"timestamp": "2026-09-12T15:23:27.746644", "action": "SUCCESS_ADMIN_PANEL_ACCESS", "user_id": null, "details": {}, "ip_address": null}
2026-09-12 15:23:27,746 - AUDIT - {"timestamp": "2026-09-12T15:23:27.746644", "action": "SUCCESS_ADMIN_PANEL_ACCESS", "user_id": null, "details": {}, "ip_address": null}
2026-09-12 15:23:27,746 - AUDIT - {"timestamp": "2026-09-12T15:23:27.746644", "action": "SUCCESS_ADMIN_PANEL_ACCESS", "user_id": null, "details": {}, "ip_address": null}
2026-09-12 15:23:27,746 - AUDIT - {"timestamp": "2026-09-12T15:23:27.746644", "action": "SUCCESS_ADMIN_PANEL_ACCESS", "user_id": null, "details": {}, "ip_address": null}
2026-09-12 15:23:27,746 - AUDIT - {"timestamp": "2026-09-12T15:23:27.746644", "action": "SUCCESS_ADMIN_PANEL_ACCESS", "user_id": null, "details": {}, "ip_address": null}
2026-09-12 15:23:27,746 - AUDIT - {"timestamp": "2026-09-12T15:23:27.746644", "action": "SUCCESS_ADMIN_PANEL_ACCESS", "user_id": null, "details": {}, "ip_address": null}
2026-09-12 15:23:27,746 - AUDIT - {"timestamp": "2026-09-12T15:23:27.746644", "action": "SUCCESS_ADMIN_PANEL_ACCESS", "user_id": null, "details": {}, "ip_address": null}
2026-09-12 15:23:27,746 - AUDIT - {"timestamp": "2026-09-12T15:23:27.746644", "action": "SUCCESS_ADMIN_PANEL_ACCESS", "user_id": null, "details": {}, "ip_address": null}
2026-09-12 15:23:27,746 - AUDIT - {"timestamp": "2026-09-12T15:23:27.746644", "action": "SUCCESS_ADMIN_PANEL_ACCESS", "user_id": null, "details": {}, "ip_address": null}
2026-09-12 15:23:27,746 - AUDIT - {"timestamp": "2026-09-12T15:23:27.746644", "action": "SUCCESS_ADMIN_PANEL_ACCESS", "user_id": null, "details": {}, "ip_address": null}
2026-09-12 15:23:27,746 - AUDIT - {"timestamp": "2026-09-12T15:23:27.746644", "action": "SUCCESS_ADMIN_PANEL_ACCESS", "user_id": null, "details": {}, "ip_address": null}
2026-09-12 15:23:45,711 - AUDIT - {"timestamp": "2026-09-12T15:23:45.711328", "action": "START_ADMIN_PANEL_ACCESS", "user_id": null, "details": {}, "ip_address": null}
2026-09-12 15:23:45,711 - AUDIT - {"timestamp": "2026-09-12T15:23:45.711328", "action": "START_ADMIN_PANEL_ACCESS", "user_id": null, "details": {}, "ip_address": null}
2026-09-12 15:23:45,711 - AUDIT - {"timestamp": "2026-09-12T15:23:45.711328", "action": "START_ADMIN_PANEL_ACCESS", "user_id": null, "details": {}, "ip_address": null}
2026-09-12 15:23:45,711 - AUDIT - {"timestamp": "2026-09-12T15:23:45.711328", "action": "START_ADMIN_PANEL_ACCESS", "user_id": null, "details": {}, "ip_address": null}
2026-09-12 15:23:45,711 - AUDIT - {"timestamp": "2026-09-12T15:23:45.711328", "action": "START_ADMIN_PANEL_ACCESS", "user_id": null, "details": {}, "ip_address": null}
2026-09-12 15:23:45,711 - AUDIT - {"timestamp": "2026-09-12T15:23:45.711328", "action": "START_ADMIN_PANEL_ACCESS", "user_id": null, "details": {}, "ip_address": null}
2026-09-12 15:23:45,711 - AUDIT - {"timestamp": "2026-09-12T15:23:45.711328", "action": "START_ADMIN_PANEL_ACCESS", "user_id": null, "details": {}, "ip_address": null}
2026-09-12 15:23:45,711 - AUDIT - {"timestamp": "2026-09-12T15:23:45.711328", "action": "START_ADMIN_PANEL_ACCESS", "user_id": null, "details": {}, "ip_address": null}
2026-09-12 15:23:45,711 - AUDIT - {"timestamp": "2026-09-12T15:23:45.711328", "action": "START_ADMIN_PANEL_ACCESS", "user_id": null, "details": {}, "ip_address": null}
2026-09-12 15:23:45,711 - AUDIT - {"timestamp": "2026-09-12T15:23:45.711328", "action": "START_ADMIN_PANEL_ACCESS", "user_id": null, "details": {}, "ip_address": null}
2026-09-12 15:23:45,711 - AUDIT - {"timestamp": "2026-09-12T15:23:45.711328", "action": "START_ADMIN_PANEL_ACCESS", "user_id": null, "details": {}, "ip_address": null}
2026-09-12 15:23:45,711 - AUDIT - {"timestamp": "2026-09-12T15:23:45.711328", "action": "START_ADMIN_PANEL_ACCESS", "user_id": null, "details": {}, "ip_address": null}
2026-09-12 15:23:45,715 - AUDIT - {"timestamp": "2026-09-12T15:23:45.715737", "action": "SUCCESS_ADMIN_PANEL_ACCESS", "user_id": null, "details": {}, "ip_address": null}
2026-09-12 15:23:45,715 - AUDIT - {"timestamp": "2026-09-12T15:23:45.715737", "action": "SUCCESS_ADMIN_PANEL_ACCESS", "user_id": null, "details": {}, "ip_address": null}
2026-09-12 15:23:45,715 - AUDIT - {"timestamp": "2026-09-12T15:23:45.715737", "action": "SUCCESS_ADMIN_PANEL_ACCESS", "user_id": null, "details": {}, "ip_address": null}
2026-09-12 15:23:45,715 - AUDIT - {"timestamp": "2026-09-12T15:23:45.715737", "action": "SUCCESS_ADMIN_PANEL_ACCESS", "user_id": null, "details": {}, "ip_address": null}
2026-09-12 15:23:45,715 - AUDIT - {"timestamp": "2026-09-12T15:23:45.715737", "action": "SUCCESS_ADMIN_PANEL_ACCESS", "user_id": null, "details": {}, "ip_address": null}
2026-09-12 15:23:45,715 - AUDIT - {"timestamp": "2026-09-12T15:23:45.715737", "action": "SUCCESS_ADMIN_PANEL_ACCESS", "user_id": null, "details": {}, "ip_address": null}
2026-09-12 15:23:45,715 - AUDIT - {"timestamp": "2026-09-12T15:23:45.715737", "action": "SUCCESS_ADMIN_PANEL_ACCESS", "user_id": null, "details": {}, "ip_address": null}
2026-09-12 15:23:45,715 - AUDIT - {"timestamp": "2026-09-12T15:23:45.715737", "action": "SUCCESS_ADMIN_PANEL_ACCESS", "user_id": null, "details": {}, "ip_address": null}
2026-09-12 15:23:45,715 - AUDIT - {"timestamp": "2026-09-12T15:23:45.715737", "action": "SUCCESS_ADMIN_PANEL_ACCESS", "user_id": null, "details": {}, "ip_address": null}
2026-09-12 15:23:45,715 - AUDIT - {"timestamp": "2026-09-12T15:23:45.715737", "action": "SUCCESS_ADMIN_PANEL_ACCESS", "user_id": null, "details": {}, "ip_address": null}
2026-09-12 15:23:45,715 - AUDIT - {"timestamp": "2026-09-12T15:23:45.715737", "action": "SUCCESS_ADMIN_PANEL_ACCESS", "user_id": null, "details": {}, "ip_address": null}
2026-09-12 15:23:45,715 - AUDIT - {"timestamp": "2026-09-12T15:23:45.715737", "action": "SUCCESS_ADMIN_PANEL_ACCESS", "user_id": null, "details": {}, "ip_address": null}
2026-09-12 15:23:58,084 - AUDIT - {"timestamp": "2026-09-12T15:23:58.084819", "action": "LOGIN_SUCCESS", "user_id": 12, "details": {"ip": "127.0.0.1", "user_agent": "Mozilla/5.0 (Windows NT 10.0; Win64; x64) AppleWebKit/537.36 (KHTML, like Gecko) Chrome/151.0.0.0 Safari/537.36"}, "ip_address": null}
2026-09-12 15:23:58,084 - AUDIT - {"timestamp": "2026-09-12T15:23:58.084819", "action": "LOGIN_SUCCESS", "user_id": 12, "details": {"ip": "127.0.0.1", "user_agent": "Mozilla/5.0 (Windows NT 10.0; Win64; x64) AppleWebKit/537.36 (KHTML, like Gecko) Chrome/151.0.0.0 Safari/537.36"}, "ip_address": null}
2026-09-12 15:23:58,084 - AUDIT - {"timestamp": "2026-09-12T15:23:58.084819", "action": "LOGIN_SUCCESS", "user_id": 12, "details": {"ip": "127.0.0.1", "user_agent": "Mozilla/5.0 (Windows NT 10.0; Win64; x64) AppleWebKit/537.36 (KHTML, like Gecko) Chrome/151.0.0.0 Safari/537.36"}, "ip_address": null}
2026-09-12 15:23:58,084 - AUDIT - {"timestamp": "2026-09-12T15:23:58.084819", "action": "LOGIN_SUCCESS", "user_id": 12, "details": {"ip": "127.0.0.1", "user_agent": "Mozilla/5.0 (Windows NT 10.0; Win64; x64) AppleWebKit/537.36 (KHTML, like Gecko) Chrome/151.0.0.0 Safari/537.36"}, "ip_address": null}
2026-09-12 15:23:58,084 - AUDIT - {"timestamp": "2026-09-12T15:23:58.084819", "action": "LOGIN_SUCCESS", "user_id": 12, "details": {"ip": "127.0.0.1", "user_agent": "Mozilla/5.0 (Windows NT 10.0; Win64; x64) AppleWebKit/537.36 (KHTML, like Gecko) Chrome/151.0.0.0 Safari/537.36"}, "ip_address": null}
2026-09-12 15:23:58,084 - AUDIT - {"timestamp": "2026-09-12T15:23:58.084819", "action": "LOGIN_SUCCESS", "user_id": 12, "details": {"ip": "127.0.0.1", "user_agent": "Mozilla/5.0 (Windows NT 10.0; Win64; x64) AppleWebKit/537.36 (KHTML, like Gecko) Chrome/151.0.0.0 Safari/537.36"}, "ip_address": null}
2026-09-12 15:23:58,084 - AUDIT - {"timestamp": "2026-09-12T15:23:58.084819", "action": "LOGIN_SUCCESS", "user_id": 12, "details": {"ip": "127.0.0.1", "user_agent": "Mozilla/5.0 (Windows NT 10.0; Win64; x64) AppleWebKit/537.36 (KHTML, like Gecko) Chrome/151.0.0.0 Safari/537.36"}, "ip_address": null}
2026-09-12 15:23:58,084 - AUDIT - {"timestamp": "2026-09-12T15:23:58.084819", "action": "LOGIN_SUCCESS", "user_id": 12, "details": {"ip": "127.0.0.1", "user_agent": "Mozilla/5.0 (Windows NT 10.0; Win64; x64) AppleWebKit/537.36 (KHTML, like Gecko) Chrome/151.0.0.0 Safari/537.36"}, "ip_address": null}
2026-09-12 15:23:58,084 - AUDIT - {"timestamp": "2026-09-12T15:23:58.084819", "action": "LOGIN_SUCCESS", "user_id": 12, "details": {"ip": "127.0.0.1", "user_agent": "Mozilla/5.0 (Windows NT 10.0; Win64; x64) AppleWebKit/537.36 (KHTML, like Gecko) Chrome/151.0.0.0 Safari/537.36"}, "ip_address": null}
2026-09-12 15:23:58,084 - AUDIT - {"timestamp": "2026-09-12T15:23:58.084819", "action": "LOGIN_SUCCESS", "user_id": 12, "details": {"ip": "127.0.0.1", "user_agent": "Mozilla/5.0 (Windows NT 10.0; Win64; x64) AppleWebKit/537.36 (KHTML, like Gecko) Chrome/151.0.0.0 Safari/537.36"}, "ip_address": null}
2026-09-12 15:23:58,084 - AUDIT - {"timestamp": "2026-09-12T15:23:58.084819", "action": "LOGIN_SUCCESS", "user_id": 12, "details": {"ip": "127.0.0.1", "user_agent": "Mozilla/5.0 (Windows NT 10.0; Win64; x64) AppleWebKit/537.36 (KHTML, like Gecko) Chrome/151.0.0.0 Safari/537.36"}, "ip_address": null}
2026-09-12 15:23:58,084 - AUDIT - {"timestamp": "2026-09-12T15:23:58.084819", "action": "LOGIN_SUCCESS", "user_id": 12, "details": {"ip": "127.0.0.1", "user_agent": "Mozilla/5.0 (Windows NT 10.0; Win64; x64) AppleWebKit/537.36 (KHTML, like Gecko) Chrome/151.0.0.0 Safari/537.36"}, "ip_address": null}
2026-09-12 15:25:38,009 - AUDIT - {"timestamp": "2026-09-12T15:25:38.009144", "action": "START_ADMIN_PANEL_ACCESS", "user_id": null, "details": {}, "ip_address": null}
2026-09-12 15:25:38,009 - AUDIT - {"timestamp": "2026-09-12T15:25:38.009144", "action": "START_ADMIN_PANEL_ACCESS", "user_id": null, "details": {}, "ip_address": null}
2026-09-12 15:25:38,009 - AUDIT - {"timestamp": "2026-09-12T15:25:38.009144", "action": "START_ADMIN_PANEL_ACCESS", "user_id": null, "details": {}, "ip_address": null}
2026-09-12 15:25:38,009 - AUDIT - {"timestamp": "2026-09-12T15:25:38.009144", "action": "START_ADMIN_PANEL_ACCESS", "user_id": null, "details": {}, "ip_address": null}
2026-09-12 15:25:38,009 - AUDIT - {"timestamp": "2026-09-12T15:25:38.009144", "action": "START_ADMIN_PANEL_ACCESS", "user_id": null, "details": {}, "ip_address": null}
2026-09-12 15:25:38,009 - AUDIT - {"timestamp": "2026-09-12T15:25:38.009144", "action": "START_ADMIN_PANEL_ACCESS", "user_id": null, "details": {}, "ip_address": null}
2026-09-12 15:25:38,009 - AUDIT - {"timestamp": "2026-09-12T15:25:38.009144", "action": "START_ADMIN_PANEL_ACCESS", "user_id": null, "details": {}, "ip_address": null}
2026-09-12 15:25:38,009 - AUDIT - {"timestamp": "2026-09-12T15:25:38.009144", "action": "START_ADMIN_PANEL_ACCESS", "user_id": null, "details": {}, "ip_address": null}
2026-09-12 15:25:38,009 - AUDIT - {"timestamp": "2026-09-12T15:25:38.009144", "action": "START_ADMIN_PANEL_ACCESS", "user_id": null, "details": {}, "ip_address": null}
2026-09-12 15:25:38,009 - AUDIT - {"timestamp": "2026-09-12T15:25:38.009144", "action": "START_ADMIN_PANEL_ACCESS", "user_id": null, "details": {}, "ip_address": null}
2026-09-12 15:25:38,009 - AUDIT - {"timestamp": "2026-09-12T15:25:38.009144", "action": "START_ADMIN_PANEL_ACCESS", "user_id": null, "details": {}, "ip_address": null}
2026-09-12 15:25:38,009 - AUDIT - {"timestamp": "2026-09-12T15:25:38.009144", "action": "START_ADMIN_PANEL_ACCESS", "user_id": null, "details": {}, "ip_address": null}
2026-09-12 15:25:38,009 - AUDIT - {"timestamp": "2026-09-12T15:25:38.009144", "action": "START_ADMIN_PANEL_ACCESS", "user_id": null, "details": {}, "ip_address": null}
2026-09-12 15:25:38,013 - AUDIT - {"timestamp": "2026-09-12T15:25:38.013610", "action": "SUCCESS_ADMIN_PANEL_ACCESS", "user_id": null, "details": {}, "ip_address": null}
2026-09-12 15:25:38,013 - AUDIT - {"timestamp": "2026-09-12T15:25:38.013610", "action": "SUCCESS_ADMIN_PANEL_ACCESS", "user_id": null, "details": {}, "ip_address": null}
2026-09-12 15:25:38,013 - AUDIT - {"timestamp": "2026-09-12T15:25:38.013610", "action": "SUCCESS_ADMIN_PANEL_ACCESS", "user_id": null, "details": {}, "ip_address": null}
2026-09-12 15:25:38,013 - AUDIT - {"timestamp": "2026-09-12T15:25:38.013610", "action": "SUCCESS_ADMIN_PANEL_ACCESS", "user_id": null, "details": {}, "ip_address": null}
2026-09-12 15:25:38,013 - AUDIT - {"timestamp": "2026-09-12T15:25:38.013610", "action": "SUCCESS_ADMIN_PANEL_ACCESS", "user_id": null, "details": {}, "ip_address": null}
2026-09-12 15:25:38,013 - AUDIT - {"timestamp": "2026-09-12T15:25:38.013610", "action": "SUCCESS_ADMIN_PANEL_ACCESS", "user_id": null, "details": {}, "ip_address": null}
2026-09-12 15:25:38,013 - AUDIT - {"timestamp": "2026-09-12T15:25:38.013610", "action": "SUCCESS_ADMIN_PANEL_ACCESS", "user_id": null, "details": {}, "ip_address": null}
2026-09-12 15:25:38,013 - AUDIT - {"timestamp": "2026-09-12T15:25:38.013610", "action": "SUCCESS_ADMIN_PANEL_ACCESS", "user_id": null, "details": {}, "ip_address": null}
2026-09-12 15:25:38,013 - AUDIT - {"timestamp": "2026-09-12T15:25:38.013610", "action": "SUCCESS_ADMIN_PANEL_ACCESS", "user_id": null, "details": {}, "ip_address": null}
2026-09-12 15:25:38,013 - AUDIT - {"timestamp": "2026-09-12T15:25:38.013610", "action": "SUCCESS_ADMIN_PANEL_ACCESS", "user_id": null, "details": {}, "ip_address": null}
2026-09-12 15:25:38,013 - AUDIT - {"timestamp": "2026-09-12T15:25:38.013610", "action": "SUCCESS_ADMIN_PANEL_ACCESS", "user_id": null, "details": {}, "ip_address": null}
2026-09-12 15:25:38,013 - AUDIT - {"timestamp": "2026-09-12T15:25:38.013610", "action": "SUCCESS_ADMIN_PANEL_ACCESS", "user_id": null, "details": {}, "ip_address": null}
2026-09-12 15:25:38,013 - AUDIT - {"timestamp": "2026-09-12T15:25:38.013610", "action": "SUCCESS_ADMIN_PANEL_ACCESS", "user_id": null, "details": {}, "ip_address": null}
2026-09-12 15:25:53,044 - AUDIT - {"timestamp": "2026-09-12T15:25:53.044066", "action": "START_ADMIN_PANEL_ACCESS", "user_id": null, "details": {}, "ip_address": null}
2026-09-12 15:25:53,044 - AUDIT - {"timestamp": "2026-09-12T15:25:53.044066", "action": "START_ADMIN_PANEL_ACCESS", "user_id": null, "details": {}, "ip_address": null}
2026-09-12 15:25:53,044 - AUDIT - {"timestamp": "2026-09-12T15:25:53.044066", "action": "START_ADMIN_PANEL_ACCESS", "user_id": null, "details": {}, "ip_address": null}
2026-09-12 15:25:53,044 - AUDIT - {"timestamp": "2026-09-12T15:25:53.044066", "action": "START_ADMIN_PANEL_ACCESS", "user_id": null, "details": {}, "ip_address": null}
2026-09-12 15:25:53,044 - AUDIT - {"timestamp": "2026-09-12T15:25:53.044066", "action": "START_ADMIN_PANEL_ACCESS", "user_id": null, "details": {}, "ip_address": null}
2026-09-12 15:25:53,044 - AUDIT - {"timestamp": "2026-09-12T15:25:53.044066", "action": "START_ADMIN_PANEL_ACCESS", "user_id": null, "details": {}, "ip_address": null}
2026-09-12 15:25:53,044 - AUDIT - {"timestamp": "2026-09-12T15:25:53.044066", "action": "START_ADMIN_PANEL_ACCESS", "user_id": null, "details": {}, "ip_address": null}
2026-09-12 15:25:53,044 - AUDIT - {"timestamp": "2026-09-12T15:25:53.044066", "action": "START_ADMIN_PANEL_ACCESS", "user_id": null, "details": {}, "ip_address": null}
2026-09-12 15:25:53,044 - AUDIT - {"timestamp": "2026-09-12T15:25:53.044066", "action": "START_ADMIN_PANEL_ACCESS", "user_id": null, "details": {}, "ip_address": null}
2026-09-12 15:25:53,044 - AUDIT - {"timestamp": "2026-09-12T15:25:53.044066", "action": "START_ADMIN_PANEL_ACCESS", "user_id": null, "details": {}, "ip_address": null}
2026-09-12 15:25:53,044 - AUDIT - {"timestamp": "2026-09-12T15:25:53.044066", "action": "START_ADMIN_PANEL_ACCESS", "user_id": null, "details": {}, "ip_address": null}
2026-09-12 15:25:53,044 - AUDIT - {"timestamp": "2026-09-12T15:25:53.044066", "action": "START_ADMIN_PANEL_ACCESS", "user_id": null, "details": {}, "ip_address": null}
2026-09-12 15:25:53,044 - AUDIT - {"timestamp": "2026-09-12T15:25:53.044066", "action": "START_ADMIN_PANEL_ACCESS", "user_id": null, "details": {}, "ip_address": null}
2026-09-12 15:25:53,044 - AUDIT - {"timestamp": "2026-09-12T15:25:53.044066", "action": "START_ADMIN_PANEL_ACCESS", "user_id": null, "details": {}, "ip_address": null}
2026-09-12 15:25:53,048 - AUDIT - {"timestamp": "2026-09-12T15:25:53.048504", "action": "SUCCESS_ADMIN_PANEL_ACCESS", "user_id": null, "details": {}, "ip_address": null}
2026-09-12 15:25:53,048 - AUDIT - {"timestamp": "2026-09-12T15:25:53.048504", "action": "SUCCESS_ADMIN_PANEL_ACCESS", "user_id": null, "details": {}, "ip_address": null}
2026-09-12 15:25:53,048 - AUDIT - {"timestamp": "2026-09-12T15:25:53.048504", "action": "SUCCESS_ADMIN_PANEL_ACCESS", "user_id": null, "details": {}, "ip_address": null}
2026-09-12 15:25:53,048 - AUDIT - {"timestamp": "2026-09-12T15:25:53.048504", "action": "SUCCESS_ADMIN_PANEL_ACCESS", "user_id": null, "details": {}, "ip_address": null}
2026-09-12 15:25:53,048 - AUDIT - {"timestamp": "2026-09-12T15:25:53.048504", "action": "SUCCESS_ADMIN_PANEL_ACCESS", "user_id": null, "details": {}, "ip_address": null}
2026-09-12 15:25:53,048 - AUDIT - {"timestamp": "2026-09-12T15:25:53.048504", "action": "SUCCESS_ADMIN_PANEL_ACCESS", "user_id": null, "details": {}, "ip_address": null}
2026-09-12 15:25:53,048 - AUDIT - {"timestamp": "2026-09-12T15:25:53.048504", "action": "SUCCESS_ADMIN_PANEL_ACCESS", "user_id": null, "details": {}, "ip_address": null}
2026-09-12 15:25:53,048 - AUDIT - {"timestamp": "2026-09-12T15:25:53.048504", "action": "SUCCESS_ADMIN_PANEL_ACCESS", "user_id": null, "details": {}, "ip_address": null}
2026-09-12 15:25:53,048 - AUDIT - {"timestamp": "2026-09-12T15:25:53.048504", "action": "SUCCESS_ADMIN_PANEL_ACCESS", "user_id": null, "details": {}, "ip_address": null}
2026-09-12 15:25:53,048 - AUDIT - {"timestamp": "2026-09-12T15:25:53.048504", "action": "SUCCESS_ADMIN_PANEL_ACCESS", "user_id": null, "details": {}, "ip_address": null}
2026-09-12 15:25:53,048 - AUDIT - {"timestamp": "2026-09-12T15:25:53.048504", "action": "SUCCESS_ADMIN_PANEL_ACCESS", "user_id": null, "details": {}, "ip_address": null}
2026-09-12 15:25:53,048 - AUDIT - {"timestamp": "2026-09-12T15:25:53.048504", "action": "SUCCESS_ADMIN_PANEL_ACCESS", "user_id": null, "details": {}, "ip_address": null}
2026-09-12 15:25:53,048 - AUDIT - {"timestamp": "2026-09-12T15:25:53.048504", "action": "SUCCESS_ADMIN_PANEL_ACCESS", "user_id": null, "details": {}, "ip_address": null}
2026-09-12 15:25:53,048 - AUDIT - {"timestamp": "2026-09-12T15:25:53.048504", "action": "SUCCESS_ADMIN_PANEL_ACCESS", "user_id": null, "details": {}, "ip_address": null}
2026-09-12 15:26:12,123 - AUDIT - {"timestamp": "2026-09-12T15:26:12.123407", "action": "START_ADMIN_PRODUCT_REMOVAL", "user_id": null, "details": {}, "ip_address": null}
2026-09-12 15:26:12,123 - AUDIT - {"timestamp": "2026-09-12T15:26:12.123407", "action": "START_ADMIN_PRODUCT_REMOVAL", "user_id": null, "details": {}, "ip_address": null}
2026-09-12 15:26:12,123 - AUDIT - {"timestamp": "2026-09-12T15:26:12.123407", "action": "START_ADMIN_PRODUCT_REMOVAL", "user_id": null, "details": {}, "ip_address": null}
2026-09-12 15:26:12,123 - AUDIT - {"timestamp": "2026-09-12T15:26:12.123407", "action": "START_ADMIN_PRODUCT_REMOVAL", "user_id": null, "details": {}, "ip_address": null}
2026-09-12 15:26:12,123 - AUDIT - {"timestamp": "2026-09-12T15:26:12.123407", "action": "START_ADMIN_PRODUCT_REMOVAL", "user_id": null, "details": {}, "ip_address": null}
2026-09-12 15:26:12,123 - AUDIT - {"timestamp": "2026-09-12T15:26:12.123407", "action": "START_ADMIN_PRODUCT_REMOVAL", "user_id": null, "details": {}, "ip_address": null}
2026-09-12 15:26:12,123 - AUDIT - {"timestamp": "2026-09-12T15:26:12.123407", "action": "START_ADMIN_PRODUCT_REMOVAL", "user_id": null, "details": {}, "ip_address": null}
2026-09-12 15:26:12,123 - AUDIT - {"timestamp": "2026-09-12T15:26:12.123407", "action": "START_ADMIN_PRODUCT_REMOVAL", "user_id": null, "details": {}, "ip_address": null}
2026-09-12 15:26:12,123 - AUDIT - {"timestamp": "2026-09-12T15:26:12.123407", "action": "START_ADMIN_PRODUCT_REMOVAL", "user_id": null, "details": {}, "ip_address": null}
2026-09-12 15:26:12,123 - AUDIT - {"timestamp": "2026-09-12T15:26:12.123407", "action": "START_ADMIN_PRODUCT_REMOVAL", "user_id": null, "details": {}, "ip_address": null}
2026-09-12 15:26:12,123 - AUDIT - {"timestamp": "2026-09-12T15:26:12.123407", "action": "START_ADMIN_PRODUCT_REMOVAL", "user_id": null, "details": {}, "ip_address": null}
2026-09-12 15:26:12,123 - AUDIT - {"timestamp": "2026-09-12T15:26:12.123407", "action": "START_ADMIN_PRODUCT_REMOVAL", "user_id": null, "details": {}, "ip_address": null}
2026-09-12 15:26:12,123 - AUDIT - {"timestamp": "2026-09-12T15:26:12.123407", "action": "START_ADMIN_PRODUCT_REMOVAL", "user_id": null, "details": {}, "ip_address": null}
2026-09-12 15:26:12,123 - AUDIT - {"timestamp": "2026-09-12T15:26:12.123407", "action": "START_ADMIN_PRODUCT_REMOVAL", "user_id": null, "details": {}, "ip_address": null}
2026-09-12 15:26:12,123 - AUDIT - {"timestamp": "2026-09-12T15:26:12.123407", "action": "START_ADMIN_PRODUCT_REMOVAL", "user_id": null, "details": {}, "ip_address": null}
2026-09-12 15:26:12,125 - AUDIT - {"timestamp": "2026-09-12T15:26:12.125643", "action": "SUCCESS_ADMIN_PRODUCT_REMOVAL", "user_id": null, "details": {}, "ip_address": null}
2026-09-12 15:26:12,125 - AUDIT - {"timestamp": "2026-09-12T15:26:12.125643", "action": "SUCCESS_ADMIN_PRODUCT_REMOVAL", "user_id": null, "details": {}, "ip_address": null}
2026-09-12 15:26:12,125 - AUDIT - {"timestamp": "2026-09-12T15:26:12.125643", "action": "SUCCESS_ADMIN_PRODUCT_REMOVAL", "user_id": null, "details": {}, "ip_address": null}
2026-09-12 15:26:12,125 - AUDIT - {"timestamp": "2026-09-12T15:26:12.125643", "action": "SUCCESS_ADMIN_PRODUCT_REMOVAL", "user_id": null, "details": {}, "ip_address": null}
2026-09-12 15:26:12,125 - AUDIT - {"timestamp": "2026-09-12T15:26:12.125643", "action": "SUCCESS_ADMIN_PRODUCT_REMOVAL", "user_id": null, "details": {}, "ip_address": null}
2026-09-12 15:26:12,125 - AUDIT - {"timestamp": "2026-09-12T15:26:12.125643", "action": "SUCCESS_ADMIN_PRODUCT_REMOVAL", "user_id": null, "details": {}, "ip_address": null}
2026-09-12 15:26:12,125 - AUDIT - {"timestamp": "2026-09-12T15:26:12.125643", "action": "SUCCESS_ADMIN_PRODUCT_REMOVAL", "user_id": null, "details": {}, "ip_address": null}
2026-09-12 15:26:12,125 - AUDIT - {"timestamp": "2026-09-12T15:26:12.125643", "action": "SUCCESS_ADMIN_PRODUCT_REMOVAL", "user_id": null, "details": {}, "ip_address": null}
2026-09-12 15:26:12,125 - AUDIT - {"timestamp": "2026-09-12T15:26:12.125643", "action": "SUCCESS_ADMIN_PRODUCT_REMOVAL", "user_id": null, "details": {}, "ip_address": null}
2026-09-12 15:26:12,125 - AUDIT - {"timestamp": "2026-09-12T15:26:12.125643", "action": "SUCCESS_ADMIN_PRODUCT_REMOVAL", "user_id": null, "details": {}, "ip_address": null}
2026-09-12 15:26:12,125 - AUDIT - {"timestamp": "2026-09-12T15:26:12.125643", "action": "SUCCESS_ADMIN_PRODUCT_REMOVAL", "user_id": null, "details": {}, "ip_address": null}
2026-09-12 15:26:12,125 - AUDIT - {"timestamp": "2026-09-12T15:26:12.125643", "action": "SUCCESS_ADMIN_PRODUCT_REMOVAL", "user_id": null, "details": {}, "ip_address": null}
2026-09-12 15:26:12,125 - AUDIT - {"timestamp": "2026-09-12T15:26:12.125643", "action": "SUCCESS_ADMIN_PRODUCT_REMOVAL", "user_id": null, "details": {}, "ip_address": null}
2026-09-12 15:26:12,125 - AUDIT - {"timestamp": "2026-09-12T15:26:12.125643", "action": "SUCCESS_ADMIN_PRODUCT_REMOVAL", "user_id": null, "details": {}, "ip_address": null}
2026-09-12 15:26:12,125 - AUDIT - {"timestamp": "2026-09-12T15:26:12.125643", "action": "SUCCESS_ADMIN_PRODUCT_REMOVAL", "user_id": null, "details": {}, "ip_address": null}
2026-09-12 15:26:12,420 - AUDIT - {"timestamp": "2026-09-12T15:26:12.420823", "action": "START_ADMIN_PANEL_ACCESS", "user_id": null, "details": {}, "ip_address": null}
2026-09-12 15:26:12,420 - AUDIT - {"timestamp": "2026-09-12T15:26:12.420823", "action": "START_ADMIN_PANEL_ACCESS", "user_id": null, "details": {}, "ip_address": null}
2026-09-12 15:26:12,420 - AUDIT - {"timestamp": "2026-09-12T15:26:12.420823", "action": "START_ADMIN_PANEL_ACCESS", "user_id": null, "details": {}, "ip_address": null}
2026-09-12 15:26:12,420 - AUDIT - {"timestamp": "2026-09-12T15:26:12.420823", "action": "START_ADMIN_PANEL_ACCESS", "user_id": null, "details": {}, "ip_address": null}
2026-09-12 15:26:12,420 - AUDIT - {"timestamp": "2026-09-12T15:26:12.420823", "action": "START_ADMIN_PANEL_ACCESS", "user_id": null, "details": {}, "ip_address": null}
2026-09-12 15:26:12,420 - AUDIT - {"timestamp": "2026-09-12T15:26:12.420823", "action": "START_ADMIN_PANEL_ACCESS", "user_id": null, "details": {}, "ip_address": null}
2026-09-12 15:26:12,420 - AUDIT - {"timestamp": "2026-09-12T15:26:12.420823", "action": "START_ADMIN_PANEL_ACCESS", "user_id": null, "details": {}, "ip_address": null}
2026-09-12 15:26:12,420 - AUDIT - {"timestamp": "2026-09-12T15:26:12.420823", "action": "START_ADMIN_PANEL_ACCESS", "user_id": null, "details": {}, "ip_address": null}
2026-09-12 15:26:12,420 - AUDIT - {"timestamp": "2026-09-12T15:26:12.420823", "action": "START_ADMIN_PANEL_ACCESS", "user_id": null, "details": {}, "ip_address": null}
2026-09-12 15:26:12,420 - AUDIT - {"timestamp": "2026-09-12T15:26:12.420823", "action": "START_ADMIN_PANEL_ACCESS", "user_id": null, "details": {}, "ip_address": null}
2026-09-12 15:26:12,420 - AUDIT - {"timestamp": "2026-09-12T15:26:12.420823", "action": "START_ADMIN_PANEL_ACCESS", "user_id": null, "details": {}, "ip_address": null}
2026-09-12 15:26:12,420 - AUDIT - {"timestamp": "2026-09-12T15:26:12.420823", "action": "START_ADMIN_PANEL_ACCESS", "user_id": null, "details": {}, "ip_address": null}
2026-09-12 15:26:12,420 - AUDIT - {"timestamp": "2026-09-12T15:26:12.420823", "action": "START_ADMIN_PANEL_ACCESS", "user_id": null, "details": {}, "ip_address": null}
2026-09-12 15:26:12,420 - AUDIT - {"timestamp": "2026-09-12T15:26:12.420823", "action": "START_ADMIN_PANEL_ACCESS", "user_id": null, "details": {}, "ip_address": null}
2026-09-12 15:26:12,420 - AUDIT - {"timestamp": "2026-09-12T15:26:12.420823", "action": "START_ADMIN_PANEL_ACCESS", "user_id": null, "details": {}, "ip_address": null}
2026-09-12 15:26:12,420 - AUDIT - {"timestamp": "2026-09-12T15:26:12.420823", "action": "START_ADMIN_PANEL_ACCESS", "user_id": null, "details": {}, "ip_address": null}
2026-09-12 15:26:12,423 - AUDIT - {"timestamp": "2026-09-12T15:26:12.423847", "action": "SUCCESS_ADMIN_PANEL_ACCESS", "user_id": null, "details": {}, "ip_address": null}
2026-09-12 15:26:12,423 - AUDIT - {"timestamp": "2026-09-12T15:26:12.423847", "action": "SUCCESS_ADMIN_PANEL_ACCESS", "user_id": null, "details": {}, "ip_address": null}
2026-09-12 15:26:12,423 - AUDIT - {"timestamp": "2026-09-12T15:26:12.423847", "action": "SUCCESS_ADMIN_PANEL_ACCESS", "user_id": null, "details": {}, "ip_address": null}
2026-09-12 15:26:12,423 - AUDIT - {"timestamp": "2026-09-12T15:26:12.423847", "action": "SUCCESS_ADMIN_PANEL_ACCESS", "user_id": null, "details": {}, "ip_address": null}
2026-09-12 15:26:12,423 - AUDIT - {"timestamp": "2026-09-12T15:26:12.423847", "action": "SUCCESS_ADMIN_PANEL_ACCESS", "user_id": null, "details": {}, "ip_address": null}
2026-09-12 15:26:12,423 - AUDIT - {"timestamp": "2026-09-12T15:26:12.423847", "action": "SUCCESS_ADMIN_PANEL_ACCESS", "user_id": null, "details": {}, "ip_address": null}
2026-09-12 15:26:12,423 - AUDIT - {"timestamp": "2026-09-12T15:26:12.423847", "action": "SUCCESS_ADMIN_PANEL_ACCESS", "user_id": null, "details": {}, "ip_address": null}
2026-09-12 15:26:12,423 - AUDIT - {"timestamp": "2026-09-12T15:26:12.423847", "action": "SUCCESS_ADMIN_PANEL_ACCESS", "user_id": null, "details": {}, "ip_address": null}
2026-09-12 15:26:12,423 - AUDIT - {"timestamp": "2026-09-12T15:26:12.423847", "action": "SUCCESS_ADMIN_PANEL_ACCESS", "user_id": null, "details": {}, "ip_address": null}
2026-09-12 15:26:12,423 - AUDIT - {"timestamp": "2026-09-12T15:26:12.423847", "action": "SUCCESS_ADMIN_PANEL_ACCESS", "user_id": null, "details": {}, "ip_address": null}
2026-09-12 15:26:12,423 - AUDIT - {"timestamp": "2026-09-12T15:26:12.423847", "action": "SUCCESS_ADMIN_PANEL_ACCESS", "user_id": null, "details": {}, "ip_address": null}
2026-09-12 15:26:12,423 - AUDIT - {"timestamp": "2026-09-12T15:26:12.423847", "action": "SUCCESS_ADMIN_PANEL_ACCESS", "user_id": null, "details": {}, "ip_address": null}
2026-09-12 15:26:12,423 - AUDIT - {"timestamp": "2026-09-12T15:26:12.423847", "action": "SUCCESS_ADMIN_PANEL_ACCESS", "user_id": null, "details": {}, "ip_address": null}
2026-09-12 15:26:12,423 - AUDIT - {"timestamp": "2026-09-12T15:26:12.423847", "action": "SUCCESS_ADMIN_PANEL_ACCESS", "user_id": null, "details": {}, "ip_address": null}
2026-09-12 15:26:12,423 - AUDIT - {"timestamp": "2026-09-12T15:26:12.423847", "action": "SUCCESS_ADMIN_PANEL_ACCESS", "user_id": null, "details": {}, "ip_address": null}
2026-09-12 15:26:12,423 - AUDIT - {"timestamp": "2026-09-12T15:26:12.423847", "action": "SUCCESS_ADMIN_PANEL_ACCESS", "user_id": null, "details": {}, "ip_address": null}
2026-09-12 15:27:08,454 - AUDIT - {"timestamp": "2026-09-12T15:27:08.454783", "action": "LOGIN_SUCCESS", "user_id": 13, "details": {"ip": "127.0.0.1", "user_agent": "Mozilla/5.0 (Windows NT 10.0; Win64; x64) AppleWebKit/537.36 (KHTML, like Gecko) Chrome/151.0.0.0 Safari/537.36"}, "ip_address": null}
2026-09-12 15:27:08,454 - AUDIT - {"timestamp": "2026-09-12T15:27:08.454783", "action": "LOGIN_SUCCESS", "user_id": 13, "details": {"ip": "127.0.0.1", "user_agent": "Mozilla/5.0 (Windows NT 10.0; Win64; x64) AppleWebKit/537.36 (KHTML, like Gecko) Chrome/151.0.0.0 Safari/537.36"}, "ip_address": null}
2026-09-12 15:27:08,454 - AUDIT - {"timestamp": "2026-09-12T15:27:08.454783", "action": "LOGIN_SUCCESS", "user_id": 13, "details": {"ip": "127.0.0.1", "user_agent": "Mozilla/5.0 (Windows NT 10.0; Win64; x64) AppleWebKit/537.36 (KHTML, like Gecko) Chrome/151.0.0.0 Safari/537.36"}, "ip_address": null}
2026-09-12 15:27:08,454 - AUDIT - {"timestamp": "2026-09-12T15:27:08.454783", "action": "LOGIN_SUCCESS", "user_id": 13, "details": {"ip": "127.0.0.1", "user_agent": "Mozilla/5.0 (Windows NT 10.0; Win64; x64) AppleWebKit/537.36 (KHTML, like Gecko) Chrome/151.0.0.0 Safari/537.36"}, "ip_address": null}
2026-09-12 15:27:08,454 - AUDIT - {"timestamp": "2026-09-12T15:27:08.454783", "action": "LOGIN_SUCCESS", "user_id": 13, "details": {"ip": "127.0.0.1", "user_agent": "Mozilla/5.0 (Windows NT 10.0; Win64; x64) AppleWebKit/537.36 (KHTML, like Gecko) Chrome/151.0.0.0 Safari/537.36"}, "ip_address": null}
2026-09-12 15:27:08,454 - AUDIT - {"timestamp": "2026-09-12T15:27:08.454783", "action": "LOGIN_SUCCESS", "user_id": 13, "details": {"ip": "127.0.0.1", "user_agent": "Mozilla/5.0 (Windows NT 10.0; Win64; x64) AppleWebKit/537.36 (KHTML, like Gecko) Chrome/151.0.0.0 Safari/537.36"}, "ip_address": null}
2026-09-12 15:27:08,454 - AUDIT - {"timestamp": "2026-09-12T15:27:08.454783", "action": "LOGIN_SUCCESS", "user_id": 13, "details": {"ip": "127.0.0.1", "user_agent": "Mozilla/5.0 (Windows NT 10.0; Win64; x64) AppleWebKit/537.36 (KHTML, like Gecko) Chrome/151.0.0.0 Safari/537.36"}, "ip_address": null}
2026-09-12 15:27:08,454 - AUDIT - {"timestamp": "2026-09-12T15:27:08.454783", "action": "LOGIN_SUCCESS", "user_id": 13, "details": {"ip": "127.0.0.1", "user_agent": "Mozilla/5.0 (Windows NT 10.0; Win64; x64) AppleWebKit/537.36 (KHTML, like Gecko) Chrome/151.0.0.0 Safari/537.36"}, "ip_address": null}
2026-09-12 15:27:08,454 - AUDIT - {"timestamp": "2026-09-12T15:27:08.454783", "action": "LOGIN_SUCCESS", "user_id": 13, "details": {"ip": "127.0.0.1", "user_agent": "Mozilla/5.0 (Windows NT 10.0; Win64; x64) AppleWebKit/537.36 (KHTML, like Gecko) Chrome/151.0.0.0 Safari/537.36"}, "ip_address": null}
2026-09-12 15:27:08,454 - AUDIT - {"timestamp": "2026-09-12T15:27:08.454783", "action": "LOGIN_SUCCESS", "user_id": 13, "details": {"ip": "127.0.0.1", "user_agent": "Mozilla/5.0 (Windows NT 10.0; Win64; x64) AppleWebKit/537.36 (KHTML, like Gecko) Chrome/151.0.0.0 Safari/537.36"}, "ip_address": null}
2026-09-12 15:27:08,454 - AUDIT - {"timestamp": "2026-09-12T15:27:08.454783", "action": "LOGIN_SUCCESS", "user_id": 13, "details": {"ip": "127.0.0.1", "user_agent": "Mozilla/5.0 (Windows NT 10.0; Win64; x64) AppleWebKit/537.36 (KHTML, like Gecko) Chrome/151.0.0.0 Safari/537.36"}, "ip_address": null}
2026-09-12 15:27:08,454 - AUDIT - {"timestamp": "2026-09-12T15:27:08.454783", "action": "LOGIN_SUCCESS", "user_id": 13, "details": {"ip": "127.0.0.1", "user_agent": "Mozilla/5.0 (Windows NT 10.0; Win64; x64) AppleWebKit/537.36 (KHTML, like Gecko) Chrome/151.0.0.0 Safari/537.36"}, "ip_address": null}
2026-09-12 15:27:08,454 - AUDIT - {"timestamp": "2026-09-12T15:27:08.454783", "action": "LOGIN_SUCCESS", "user_id": 13, "details": {"ip": "127.0.0.1", "user_agent": "Mozilla/5.0 (Windows NT 10.0; Win64; x64) AppleWebKit/537.36 (KHTML, like Gecko) Chrome/151.0.0.0 Safari/537.36"}, "ip_address": null}
2026-09-12 15:27:08,454 - AUDIT - {"timestamp": "2026-09-12T15:27:08.454783", "action": "LOGIN_SUCCESS", "user_id": 13, "details": {"ip": "127.0.0.1", "user_agent": "Mozilla/5.0 (Windows NT 10.0; Win64; x64) AppleWebKit/537.36 (KHTML, like Gecko) Chrome/151.0.0.0 Safari/537.36"}, "ip_address": null}
2026-09-12 15:27:08,454 - AUDIT - {"timestamp": "2026-09-12T15:27:08.454783", "action": "LOGIN_SUCCESS", "user_id": 13, "details": {"ip": "127.0.0.1", "user_agent": "Mozilla/5.0 (Windows NT 10.0; Win64; x64) AppleWebKit/537.36 (KHTML, like Gecko) Chrome/151.0.0.0 Safari/537.36"}, "ip_address": null}
2026-09-12 15:27:08,454 - AUDIT - {"timestamp": "2026-09-12T15:27:08.454783", "action": "LOGIN_SUCCESS", "user_id": 13, "details": {"ip": "127.0.0.1", "user_agent": "Mozilla/5.0 (Windows NT 10.0; Win64; x64) AppleWebKit/537.36 (KHTML, like Gecko) Chrome/151.0.0.0 Safari/537.36"}, "ip_address": null}
2026-09-12 15:33:25,024 - AUDIT - {"timestamp": "2026-09-12T15:33:25.024047", "action": "START_ADMIN_PRODUCT_REMOVAL", "user_id": 16, "details": {}, "ip_address": null}
2026-09-12 15:33:25,031 - AUDIT - {"timestamp": "2026-09-12T15:33:25.031329", "action": "SUCCESS_ADMIN_PRODUCT_REMOVAL", "user_id": 16, "details": {}, "ip_address": null}
2026-09-12 15:33:25,035 - AUDIT - {"timestamp": "2026-09-12T15:33:25.035857", "action": "PRODUCT_UPDATED", "user_id": null, "details": {"product_id": 6, "owner_id": 14, "edited_by_admin": true}, "ip_address": null}
2026-09-12 15:33:25,037 - AUDIT - {"timestamp": "2026-09-12T15:33:25.037448", "action": "START_ADMIN_PRODUCT_REMOVAL", "user_id": null, "details": {}, "ip_address": null}
2026-09-12 15:33:25,037 - AUDIT - {"timestamp": "2026-09-12T15:33:25.037448", "action": "START_ADMIN_PRODUCT_REMOVAL", "user_id": null, "details": {}, "ip_address": null}
2026-09-12 15:33:25,040 - AUDIT - {"timestamp": "2026-09-12T15:33:25.040300", "action": "SUCCESS_ADMIN_PRODUCT_REMOVAL", "user_id": null, "details": {}, "ip_address": null}
2026-09-12 15:33:25,040 - AUDIT - {"timestamp": "2026-09-12T15:33:25.040300", "action": "SUCCESS_ADMIN_PRODUCT_REMOVAL", "user_id": null, "details": {}, "ip_address": null}
2026-09-12 15:33:49,743 - AUDIT - {"timestamp": "2026-09-12T15:33:49.743757", "action": "START_ADMIN_PANEL_ACCESS", "user_id": null, "details": {}, "ip_address": null}
2026-09-12 15:33:49,804 - AUDIT - {"timestamp": "2026-09-12T15:33:49.804730", "action": "SUCCESS_ADMIN_PANEL_ACCESS", "user_id": null, "details": {}, "ip_address": null}
2026-09-12 15:35:25,453 - AUDIT - {"timestamp": "2026-09-12T15:35:25.453694", "action": "START_ADMIN_PANEL_ACCESS", "user_id": null, "details": {}, "ip_address": null}
2026-09-12 15:35:25,453 - AUDIT - {"timestamp": "2026-09-12T15:35:25.453694", "action": "START_ADMIN_PANEL_ACCESS", "user_id": null, "details": {}, "ip_address": null}
2026-09-12 15:35:25,500 - AUDIT - {"timestamp": "2026-09-12T15:35:25.500319", "action": "SUCCESS_ADMIN_PANEL_ACCESS", "user_id": null, "details": {}, "ip_address": null}
2026-09-12 15:35:25,500 - AUDIT - {"timestamp": "2026-09-12T15:35:25.500319", "action": "SUCCESS_ADMIN_PANEL_ACCESS", "user_id": null, "details": {}, "ip_address": null}
2026-09-12 15:35:47,679 - AUDIT - {"timestamp": "2026-09-12T15:35:47.679473", "action": "START_ADMIN_PRODUCT_REMOVAL", "user_id": null, "details": {}, "ip_address": null}
2026-09-12 15:35:47,679 - AUDIT - {"timestamp": "2026-09-12T15:35:47.679473", "action": "START_ADMIN_PRODUCT_REMOVAL", "user_id": null, "details": {}, "ip_address": null}
2026-09-12 15:35:47,679 - AUDIT - {"timestamp": "2026-09-12T15:35:47.679473", "action": "START_ADMIN_PRODUCT_REMOVAL", "user_id": null, "details": {}, "ip_address": null}
2026-09-12 15:35:47,780 - AUDIT - {"timestamp": "2026-09-12T15:35:47.780652", "action": "SUCCESS_ADMIN_PRODUCT_REMOVAL", "user_id": null, "details": {}, "ip_address": null}
2026-09-12 15:35:47,780 - AUDIT - {"timestamp": "2026-09-12T15:35:47.780652", "action": "SUCCESS_ADMIN_PRODUCT_REMOVAL", "user_id": null, "details": {}, "ip_address": null}
2026-09-12 15:35:47,780 - AUDIT - {"timestamp": "2026-09-12T15:35:47.780652", "action": "SUCCESS_ADMIN_PRODUCT_REMOVAL", "user_id": null, "details": {}, "ip_address": null}
2026-09-12 15:35:48,085 - AUDIT - {"timestamp": "2026-09-12T15:35:48.085516", "action": "START_ADMIN_PANEL_ACCESS", "user_id": null, "details": {}, "ip_address": null}
2026-09-12 15:35:48,085 - AUDIT - {"timestamp": "2026-09-12T15:35:48.085516", "action": "START_ADMIN_PANEL_ACCESS", "user_id": null, "details": {}, "ip_address": null}
2026-09-12 15:35:48,085 - AUDIT - {"timestamp": "2026-09-12T15:35:48.085516", "action": "START_ADMIN_PANEL_ACCESS", "user_id": null, "details": {}, "ip_address": null}
2026-09-12 15:35:48,085 - AUDIT - {"timestamp": "2026-09-12T15:35:48.085516", "action": "START_ADMIN_PANEL_ACCESS", "user_id": null, "details": {}, "ip_address": null}
2026-09-12 15:35:48,091 - AUDIT - {"timestamp": "2026-09-12T15:35:48.091326", "action": "SUCCESS_ADMIN_PANEL_ACCESS", "user_id": null, "details": {}, "ip_address": null}
2026-09-12 15:35:48,091 - AUDIT - {"timestamp": "2026-09-12T15:35:48.091326", "action": "SUCCESS_ADMIN_PANEL_ACCESS", "user_id": null, "details": {}, "ip_address": null}
2026-09-12 15:35:48,091 - AUDIT - {"timestamp": "2026-09-12T15:35:48.091326", "action": "SUCCESS_ADMIN_PANEL_ACCESS", "user_id": null, "details": {}, "ip_address": null}
2026-09-12 15:35:48,091 - AUDIT - {"timestamp": "2026-09-12T15:35:48.091326", "action": "SUCCESS_ADMIN_PANEL_ACCESS", "user_id": null, "details": {}, "ip_address": null}
2026-09-12 15:36:04,890 - AUDIT - {"timestamp": "2026-09-12T15:36:04.890833", "action": "LOGIN_SUCCESS", "user_id": 13, "details": {"ip": "127.0.0.1", "user_agent": "Mozilla/5.0 (Windows NT 10.0; Win64; x64) AppleWebKit/537.36 (KHTML, like Gecko) Chrome/151.0.0.0 Safari/537.36"}, "ip_address": null}
2026-09-12 15:36:04,890 - AUDIT - {"timestamp": "2026-09-12T15:36:04.890833", "action": "LOGIN_SUCCESS", "user_id": 13, "details": {"ip": "127.0.0.1", "user_agent": "Mozilla/5.0 (Windows NT 10.0; Win64; x64) AppleWebKit/537.36 (KHTML, like Gecko) Chrome/151.0.0.0 Safari/537.36"}, "ip_address": null}
2026-09-12 15:36:04,890 - AUDIT - {"timestamp": "2026-09-12T15:36:04.890833", "action": "LOGIN_SUCCESS", "user_id": 13, "details": {"ip": "127.0.0.1", "user_agent": "Mozilla/5.0 (Windows NT 10.0; Win64; x64) AppleWebKit/537.36 (KHTML, like Gecko) Chrome/151.0.0.0 Safari/537.36"}, "ip_address": null}
2026-09-12 15:36:04,890 - AUDIT - {"timestamp": "2026-09-12T15:36:04.890833", "action": "LOGIN_SUCCESS", "user_id": 13, "details": {"ip": "127.0.0.1", "user_agent": "Mozilla/5.0 (Windows NT 10.0; Win64; x64) AppleWebKit/537.36 (KHTML, like Gecko) Chrome/151.0.0.0 Safari/537.36"}, "ip_address": null}
2026-09-12 15:37:14,932 - AUDIT - {"timestamp": "2026-09-12T15:37:14.932420", "action": "LOGIN_SUCCESS", "user_id": 12, "details": {"ip": "127.0.0.1", "user_agent": "Mozilla/5.0 (Windows NT 10.0; Win64; x64) AppleWebKit/537.36 (KHTML, like Gecko) Chrome/151.0.0.0 Safari/537.36"}, "ip_address": null}
2026-09-12 15:37:14,932 - AUDIT - {"timestamp": "2026-09-12T15:37:14.932420", "action": "LOGIN_SUCCESS", "user_id": 12, "details": {"ip": "127.0.0.1", "user_agent": "Mozilla/5.0 (Windows NT 10.0; Win64; x64) AppleWebKit/537.36 (KHTML, like Gecko) Chrome/151.0.0.0 Safari/537.36"}, "ip_address": null}
2026-09-12 15:37:14,932 - AUDIT - {"timestamp": "2026-09-12T15:37:14.932420", "action": "LOGIN_SUCCESS", "user_id": 12, "details": {"ip": "127.0.0.1", "user_agent": "Mozilla/5.0 (Windows NT 10.0; Win64; x64) AppleWebKit/537.36 (KHTML, like Gecko) Chrome/151.0.0.0 Safari/537.36"}, "ip_address": null}
2026-09-12 15:37:14,932 - AUDIT - {"timestamp": "2026-09-12T15:37:14.932420", "action": "LOGIN_SUCCESS", "user_id": 12, "details": {"ip": "127.0.0.1", "user_agent": "Mozilla/5.0 (Windows NT 10.0; Win64; x64) AppleWebKit/537.36 (KHTML, like Gecko) Chrome/151.0.0.0 Safari/537.36"}, "ip_address": null}
2026-09-12 15:40:25,362 - AUDIT - {"timestamp": "2026-09-12T15:40:25.362042", "action": "START_ADMIN_PANEL_ACCESS", "user_id": null, "details": {}, "ip_address": null}
2026-09-12 15:40:25,362 - AUDIT - {"timestamp": "2026-09-12T15:40:25.362042", "action": "START_ADMIN_PANEL_ACCESS", "user_id": null, "details": {}, "ip_address": null}
2026-09-12 15:40:25,362 - AUDIT - {"timestamp": "2026-09-12T15:40:25.362042", "action": "START_ADMIN_PANEL_ACCESS", "user_id": null, "details": {}, "ip_address": null}
2026-09-12 15:40:25,362 - AUDIT - {"timestamp": "2026-09-12T15:40:25.362042", "action": "START_ADMIN_PANEL_ACCESS", "user_id": null, "details": {}, "ip_address": null}
2026-09-12 15:40:25,362 - AUDIT - {"timestamp": "2026-09-12T15:40:25.362042", "action": "START_ADMIN_PANEL_ACCESS", "user_id": null, "details": {}, "ip_address": null}
2026-09-12 15:40:25,369 - AUDIT - {"timestamp": "2026-09-12T15:40:25.369737", "action": "SUCCESS_ADMIN_PANEL_ACCESS", "user_id": null, "details": {}, "ip_address": null}
2026-09-12 15:40:25,369 - AUDIT - {"timestamp": "2026-09-12T15:40:25.369737", "action": "SUCCESS_ADMIN_PANEL_ACCESS", "user_id": null, "details": {}, "ip_address": null}
2026-09-12 15:40:25,369 - AUDIT - {"timestamp": "2026-09-12T15:40:25.369737", "action": "SUCCESS_ADMIN_PANEL_ACCESS", "user_id": null, "details": {}, "ip_address": null}
2026-09-12 15:40:25,369 - AUDIT - {"timestamp": "2026-09-12T15:40:25.369737", "action": "SUCCESS_ADMIN_PANEL_ACCESS", "user_id": null, "details": {}, "ip_address": null}
2026-09-12 15:40:25,369 - AUDIT - {"timestamp": "2026-09-12T15:40:25.369737", "action": "SUCCESS_ADMIN_PANEL_ACCESS", "user_id": null, "details": {}, "ip_address": null}
2026-09-12 15:40:53,573 - AUDIT - {"timestamp": "2026-09-12T15:40:53.573644", "action": "LOGIN_SUCCESS", "user_id": 13, "details": {"ip": "127.0.0.1", "user_agent": "Mozilla/5.0 (Windows NT 10.0; Win64; x64) AppleWebKit/537.36 (KHTML, like Gecko) Chrome/151.0.0.0 Safari/537.36"}, "ip_address": null}
2026-09-12 15:40:53,573 - AUDIT - {"timestamp": "2026-09-12T15:40:53.573644", "action": "LOGIN_SUCCESS", "user_id": 13, "details": {"ip": "127.0.0.1", "user_agent": "Mozilla/5.0 (Windows NT 10.0; Win64; x64) AppleWebKit/537.36 (KHTML, like Gecko) Chrome/151.0.0.0 Safari/537.36"}, "ip_address": null}
2026-09-12 15:40:53,573 - AUDIT - {"timestamp": "2026-09-12T15:40:53.573644", "action": "LOGIN_SUCCESS", "user_id": 13, "details": {"ip": "127.0.0.1", "user_agent": "Mozilla/5.0 (Windows NT 10.0; Win64; x64) AppleWebKit/537.36 (KHTML, like Gecko) Chrome/151.0.0.0 Safari/537.36"}, "ip_address": null}
2026-09-12 15:40:53,573 - AUDIT - {"timestamp": "2026-09-12T15:40:53.573644", "action": "LOGIN_SUCCESS", "user_id": 13, "details": {"ip": "127.0.0.1", "user_agent": "Mozilla/5.0 (Windows NT 10.0; Win64; x64) AppleWebKit/537.36 (KHTML, like Gecko) Chrome/151.0.0.0 Safari/537.36"}, "ip_address": null}
2026-09-12 15:40:53,573 - AUDIT - {"timestamp": "2026-09-12T15:40:53.573644", "action": "LOGIN_SUCCESS", "user_id": 13, "details": {"ip": "127.0.0.1", "user_agent": "Mozilla/5.0 (Windows NT 10.0; Win64; x64) AppleWebKit/537.36 (KHTML, like Gecko) Chrome/151.0.0.0 Safari/537.36"}, "ip_address": null}
2026-09-12 15:46:09,902 - AUDIT - {"timestamp": "2026-09-12T15:46:09.902023", "action": "START_ADMIN_PANEL_ACCESS", "user_id": null, "details": {}, "ip_address": null}
2026-09-12 15:46:09,963 - AUDIT - {"timestamp": "2026-09-12T15:46:09.963683", "action": "SUCCESS_ADMIN_PANEL_ACCESS", "user_id": null, "details": {}, "ip_address": null}
2026-09-12 15:46:09,974 - AUDIT - {"timestamp": "2026-09-12T15:46:09.974490", "action": "BULK_PREMIUM_ACTIVATION", "user_id": null, "details": {"requested_user_ids": ["14", "15", "16", "17"], "updated_count": 3}, "ip_address": null}
2026-09-12 15:48:26,662 - AUDIT - {"timestamp": "2026-09-12T15:48:26.662658", "action": "START_ADMIN_PANEL_ACCESS", "user_id": null, "details": {}, "ip_address": null}
2026-09-12 15:48:26,662 - AUDIT - {"timestamp": "2026-09-12T15:48:26.662658", "action": "START_ADMIN_PANEL_ACCESS", "user_id": null, "details": {}, "ip_address": null}
2026-09-12 15:48:26,778 - AUDIT - {"timestamp": "2026-09-12T15:48:26.778512", "action": "SUCCESS_ADMIN_PANEL_ACCESS", "user_id": null, "details": {}, "ip_address": null}
2026-09-12 15:48:26,778 - AUDIT - {"timestamp": "2026-09-12T15:48:26.778512", "action": "SUCCESS_ADMIN_PANEL_ACCESS", "user_id": null, "details": {}, "ip_address": null}
2026-09-12 15:49:35,925 - AUDIT - {"timestamp": "2026-09-12T15:49:35.925332", "action": "START_ADMIN_PANEL_ACCESS", "user_id": null, "details": {}, "ip_address": null}
2026-09-12 15:49:35,925 - AUDIT - {"timestamp": "2026-09-12T15:49:35.925332", "action": "START_ADMIN_PANEL_ACCESS", "user_id": null, "details": {}, "ip_address": null}
2026-09-12 15:49:35,925 - AUDIT - {"timestamp": "2026-09-12T15:49:35.925332", "action": "START_ADMIN_PANEL_ACCESS", "user_id": null, "details": {}, "ip_address": null}
2026-09-12 15:49:35,929 - AUDIT - {"timestamp": "2026-09-12T15:49:35.929887", "action": "SUCCESS_ADMIN_PANEL_ACCESS", "user_id": null, "details": {}, "ip_address": null}
2026-09-12 15:49:35,929 - AUDIT - {"timestamp": "2026-09-12T15:49:35.929887", "action": "SUCCESS_ADMIN_PANEL_ACCESS", "user_id": null, "details": {}, "ip_address": null}
2026-09-12 15:49:35,929 - AUDIT - {"timestamp": "2026-09-12T15:49:35.929887", "action": "SUCCESS_ADMIN_PANEL_ACCESS", "user_id": null, "details": {}, "ip_address": null}
2026-09-12 15:50:51,230 - AUDIT - {"timestamp": "2026-09-12T15:50:51.230585", "action": "START_ADMIN_PANEL_ACCESS", "user_id": null, "details": {}, "ip_address": null}
2026-09-12 15:50:51,230 - AUDIT - {"timestamp": "2026-09-12T15:50:51.230585", "action": "START_ADMIN_PANEL_ACCESS", "user_id": null, "details": {}, "ip_address": null}
2026-09-12 15:50:51,230 - AUDIT - {"timestamp": "2026-09-12T15:50:51.230585", "action": "START_ADMIN_PANEL_ACCESS", "user_id": null, "details": {}, "ip_address": null}
2026-09-12 15:50:51,230 - AUDIT - {"timestamp": "2026-09-12T15:50:51.230585", "action": "START_ADMIN_PANEL_ACCESS", "user_id": null, "details": {}, "ip_address": null}
2026-09-12 15:50:51,237 - AUDIT - {"timestamp": "2026-09-12T15:50:51.237012", "action": "SUCCESS_ADMIN_PANEL_ACCESS", "user_id": null, "details": {}, "ip_address": null}
2026-09-12 15:50:51,237 - AUDIT - {"timestamp": "2026-09-12T15:50:51.237012", "action": "SUCCESS_ADMIN_PANEL_ACCESS", "user_id": null, "details": {}, "ip_address": null}
2026-09-12 15:50:51,237 - AUDIT - {"timestamp": "2026-09-12T15:50:51.237012", "action": "SUCCESS_ADMIN_PANEL_ACCESS", "user_id": null, "details": {}, "ip_address": null}
2026-09-12 15:50:51,237 - AUDIT - {"timestamp": "2026-09-12T15:50:51.237012", "action": "SUCCESS_ADMIN_PANEL_ACCESS", "user_id": null, "details": {}, "ip_address": null}
2026-09-12 16:01:22,043 - AUDIT - {"timestamp": "2026-09-12T16:01:22.043138", "action": "START_user_registration", "user_id": null, "details": {}, "ip_address": null}
2026-09-12 16:01:22,043 - AUDIT - {"timestamp": "2026-09-12T16:01:22.043138", "action": "START_user_registration", "user_id": null, "details": {}, "ip_address": null}
2026-09-12 16:01:22,043 - AUDIT - {"timestamp": "2026-09-12T16:01:22.043138", "action": "START_user_registration", "user_id": null, "details": {}, "ip_address": null}
2026-09-12 16:01:22,043 - AUDIT - {"timestamp": "2026-09-12T16:01:22.043138", "action": "START_user_registration", "user_id": null, "details": {}, "ip_address": null}
2026-09-12 16:01:22,043 - AUDIT - {"timestamp": "2026-09-12T16:01:22.043138", "action": "START_user_registration", "user_id": null, "details": {}, "ip_address": null}
2026-09-12 16:01:22,243 - AUDIT - {"timestamp": "2026-09-12T16:01:22.243521", "action": "SUCCESS_user_registration", "user_id": null, "details": {}, "ip_address": null}
2026-09-12 16:01:22,243 - AUDIT - {"timestamp": "2026-09-12T16:01:22.243521", "action": "SUCCESS_user_registration", "user_id": null, "details": {}, "ip_address": null}
2026-09-12 16:01:22,243 - AUDIT - {"timestamp": "2026-09-12T16:01:22.243521", "action": "SUCCESS_user_registration", "user_id": null, "details": {}, "ip_address": null}
2026-09-12 16:01:22,243 - AUDIT - {"timestamp": "2026-09-12T16:01:22.243521", "action": "SUCCESS_user_registration", "user_id": null, "details": {}, "ip_address": null}
2026-09-12 16:01:22,243 - AUDIT - {"timestamp": "2026-09-12T16:01:22.243521", "action": "SUCCESS_user_registration", "user_id": null, "details": {}, "ip_address": null}
2026-09-12 16:02:36,194 - AUDIT - {"timestamp": "2026-09-12T16:02:36.194222", "action": "START_user_registration", "user_id": null, "details": {}, "ip_address": null}
2026-09-12 16:02:36,194 - AUDIT - {"timestamp": "2026-09-12T16:02:36.194222", "action": "START_user_registration", "user_id": null, "details": {}, "ip_address": null}
2026-09-12 16:02:36,194 - AUDIT - {"timestamp": "2026-09-12T16:02:36.194222", "action": "START_user_registration", "user_id": null, "details": {}, "ip_address": null}
2026-09-12 16:02:36,194 - AUDIT - {"timestamp": "2026-09-12T16:02:36.194222", "action": "START_user_registration", "user_id": null, "details": {}, "ip_address": null}
2026-09-12 16:02:36,194 - AUDIT - {"timestamp": "2026-09-12T16:02:36.194222", "action": "START_user_registration", "user_id": null, "details": {}, "ip_address": null}
2026-09-12 16:02:36,194 - AUDIT - {"timestamp": "2026-09-12T16:02:36.194222", "action": "START_user_registration", "user_id": null, "details": {}, "ip_address": null}
2026-09-12 16:02:36,388 - AUDIT - {"timestamp": "2026-09-12T16:02:36.388605", "action": "SUCCESS_user_registration", "user_id": null, "details": {}, "ip_address": null}
2026-09-12 16:02:36,388 - AUDIT - {"timestamp": "2026-09-12T16:02:36.388605", "action": "SUCCESS_user_registration", "user_id": null, "details": {}, "ip_address": null}
2026-09-12 16:02:36,388 - AUDIT - {"timestamp": "2026-09-12T16:02:36.388605", "action": "SUCCESS_user_registration", "user_id": null, "details": {}, "ip_address": null}
2026-09-12 16:02:36,388 - AUDIT - {"timestamp": "2026-09-12T16:02:36.388605", "action": "SUCCESS_user_registration", "user_id": null, "details": {}, "ip_address": null}
2026-09-12 16:02:36,388 - AUDIT - {"timestamp": "2026-09-12T16:02:36.388605", "action": "SUCCESS_user_registration", "user_id": null, "details": {}, "ip_address": null}
2026-09-12 16:02:36,388 - AUDIT - {"timestamp": "2026-09-12T16:02:36.388605", "action": "SUCCESS_user_registration", "user_id": null, "details": {}, "ip_address": null}
2026-09-12 16:02:52,376 - AUDIT - {"timestamp": "2026-09-12T16:02:52.376211", "action": "LOGIN_SUCCESS", "user_id": 14, "details": {"ip": "127.0.0.1", "user_agent": "Mozilla/5.0 (Windows NT 10.0; Win64; x64) AppleWebKit/537.36 (KHTML, like Gecko) Chrome/151.0.0.0 Safari/537.36"}, "ip_address": null}
2026-09-12 16:02:52,376 - AUDIT - {"timestamp": "2026-09-12T16:02:52.376211", "action": "LOGIN_SUCCESS", "user_id": 14, "details": {"ip": "127.0.0.1", "user_agent": "Mozilla/5.0 (Windows NT 10.0; Win64; x64) AppleWebKit/537.36 (KHTML, like Gecko) Chrome/151.0.0.0 Safari/537.36"}, "ip_address": null}
2026-09-12 16:02:52,376 - AUDIT - {"timestamp": "2026-09-12T16:02:52.376211", "action": "LOGIN_SUCCESS", "user_id": 14, "details": {"ip": "127.0.0.1", "user_agent": "Mozilla/5.0 (Windows NT 10.0; Win64; x64) AppleWebKit/537.36 (KHTML, like Gecko) Chrome/151.0.0.0 Safari/537.36"}, "ip_address": null}
2026-09-12 16:02:52,376 - AUDIT - {"timestamp": "2026-09-12T16:02:52.376211", "action": "LOGIN_SUCCESS", "user_id": 14, "details": {"ip": "127.0.0.1", "user_agent": "Mozilla/5.0 (Windows NT 10.0; Win64; x64) AppleWebKit/537.36 (KHTML, like Gecko) Chrome/151.0.0.0 Safari/537.36"}, "ip_address": null}
2026-09-12 16:02:52,376 - AUDIT - {"timestamp": "2026-09-12T16:02:52.376211", "action": "LOGIN_SUCCESS", "user_id": 14, "details": {"ip": "127.0.0.1", "user_agent": "Mozilla/5.0 (Windows NT 10.0; Win64; x64) AppleWebKit/537.36 (KHTML, like Gecko) Chrome/151.0.0.0 Safari/537.36"}, "ip_address": null}
2026-09-12 16:02:52,376 - AUDIT - {"timestamp": "2026-09-12T16:02:52.376211", "action": "LOGIN_SUCCESS", "user_id": 14, "details": {"ip": "127.0.0.1", "user_agent": "Mozilla/5.0 (Windows NT 10.0; Win64; x64) AppleWebKit/537.36 (KHTML, like Gecko) Chrome/151.0.0.0 Safari/537.36"}, "ip_address": null}
2026-09-12 16:03:54,444 - AUDIT - {"timestamp": "2026-09-12T16:03:54.444623", "action": "START_publish_product", "user_id": 14, "details": {}, "ip_address": null}
2026-09-12 16:03:54,444 - AUDIT - {"timestamp": "2026-09-12T16:03:54.444623", "action": "START_publish_product", "user_id": 14, "details": {}, "ip_address": null}
2026-09-12 16:03:54,444 - AUDIT - {"timestamp": "2026-09-12T16:03:54.444623", "action": "START_publish_product", "user_id": 14, "details": {}, "ip_address": null}
2026-09-12 16:03:54,444 - AUDIT - {"timestamp": "2026-09-12T16:03:54.444623", "action": "START_publish_product", "user_id": 14, "details": {}, "ip_address": null}
2026-09-12 16:03:54,444 - AUDIT - {"timestamp": "2026-09-12T16:03:54.444623", "action": "START_publish_product", "user_id": 14, "details": {}, "ip_address": null}
2026-09-12 16:03:54,444 - AUDIT - {"timestamp": "2026-09-12T16:03:54.444623", "action": "START_publish_product", "user_id": 14, "details": {}, "ip_address": null}
2026-09-12 16:03:54,444 - AUDIT - {"timestamp": "2026-09-12T16:03:54.444623", "action": "START_publish_product", "user_id": 14, "details": {}, "ip_address": null}
2026-09-12 16:03:54,496 - AUDIT - {"timestamp": "2026-09-12T16:03:54.496505", "action": "SUCCESS_publish_product", "user_id": 14, "details": {}, "ip_address": null}
2026-09-12 16:03:54,496 - AUDIT - {"timestamp": "2026-09-12T16:03:54.496505", "action": "SUCCESS_publish_product", "user_id": 14, "details": {}, "ip_address": null}
2026-09-12 16:03:54,496 - AUDIT - {"timestamp": "2026-09-12T16:03:54.496505", "action": "SUCCESS_publish_product", "user_id": 14, "details": {}, "ip_address": null}
2026-09-12 16:03:54,496 - AUDIT - {"timestamp": "2026-09-12T16:03:54.496505", "action": "SUCCESS_publish_product", "user_id": 14, "details": {}, "ip_address": null}
2026-09-12 16:03:54,496 - AUDIT - {"timestamp": "2026-09-12T16:03:54.496505", "action": "SUCCESS_publish_product", "user_id": 14, "details": {}, "ip_address": null}
2026-09-12 16:03:54,496 - AUDIT - {"timestamp": "2026-09-12T16:03:54.496505", "action": "SUCCESS_publish_product", "user_id": 14, "details": {}, "ip_address": null}
2026-09-12 16:03:54,496 - AUDIT - {"timestamp": "2026-09-12T16:03:54.496505", "action": "SUCCESS_publish_product", "user_id": 14, "details": {}, "ip_address": null}
2026-09-12 16:05:36,411 - AUDIT - {"timestamp": "2026-09-12T16:05:36.411223", "action": "START_publish_product", "user_id": 14, "details": {}, "ip_address": null}
2026-09-12 16:05:36,411 - AUDIT - {"timestamp": "2026-09-12T16:05:36.411223", "action": "START_publish_product", "user_id": 14, "details": {}, "ip_address": null}
2026-09-12 16:05:36,411 - AUDIT - {"timestamp": "2026-09-12T16:05:36.411223", "action": "START_publish_product", "user_id": 14, "details": {}, "ip_address": null}
2026-09-12 16:05:36,411 - AUDIT - {"timestamp": "2026-09-12T16:05:36.411223", "action": "START_publish_product", "user_id": 14, "details": {}, "ip_address": null}
2026-09-12 16:05:36,411 - AUDIT - {"timestamp": "2026-09-12T16:05:36.411223", "action": "START_publish_product", "user_id": 14, "details": {}, "ip_address": null}
2026-09-12 16:05:36,411 - AUDIT - {"timestamp": "2026-09-12T16:05:36.411223", "action": "START_publish_product", "user_id": 14, "details": {}, "ip_address": null}
2026-09-12 16:05:36,411 - AUDIT - {"timestamp": "2026-09-12T16:05:36.411223", "action": "START_publish_product", "user_id": 14, "details": {}, "ip_address": null}
2026-09-12 16:05:36,411 - AUDIT - {"timestamp": "2026-09-12T16:05:36.411223", "action": "START_publish_product", "user_id": 14, "details": {}, "ip_address": null}
2026-09-12 16:05:37,004 - AUDIT - {"timestamp": "2026-09-12T16:05:37.004213", "action": "SUCCESS_publish_product", "user_id": 14, "details": {}, "ip_address": null}
2026-09-12 16:05:37,004 - AUDIT - {"timestamp": "2026-09-12T16:05:37.004213", "action": "SUCCESS_publish_product", "user_id": 14, "details": {}, "ip_address": null}
2026-09-12 16:05:37,004 - AUDIT - {"timestamp": "2026-09-12T16:05:37.004213", "action": "SUCCESS_publish_product", "user_id": 14, "details": {}, "ip_address": null}
2026-09-12 16:05:37,004 - AUDIT - {"timestamp": "2026-09-12T16:05:37.004213", "action": "SUCCESS_publish_product", "user_id": 14, "details": {}, "ip_address": null}
2026-09-12 16:05:37,004 - AUDIT - {"timestamp": "2026-09-12T16:05:37.004213", "action": "SUCCESS_publish_product", "user_id": 14, "details": {}, "ip_address": null}
2026-09-12 16:05:37,004 - AUDIT - {"timestamp": "2026-09-12T16:05:37.004213", "action": "SUCCESS_publish_product", "user_id": 14, "details": {}, "ip_address": null}
2026-09-12 16:05:37,004 - AUDIT - {"timestamp": "2026-09-12T16:05:37.004213", "action": "SUCCESS_publish_product", "user_id": 14, "details": {}, "ip_address": null}
2026-09-12 16:05:37,004 - AUDIT - {"timestamp": "2026-09-12T16:05:37.004213", "action": "SUCCESS_publish_product", "user_id": 14, "details": {}, "ip_address": null}
2026-09-12 16:06:10,655 - AUDIT - {"timestamp": "2026-09-12T16:06:10.655259", "action": "PRODUCT_UPDATED", "user_id": 14, "details": {"product_id": 4, "owner_id": 14, "edited_by_admin": false}, "ip_address": null}
2026-09-12 16:06:10,655 - AUDIT - {"timestamp": "2026-09-12T16:06:10.655259", "action": "PRODUCT_UPDATED", "user_id": 14, "details": {"product_id": 4, "owner_id": 14, "edited_by_admin": false}, "ip_address": null}
2026-09-12 16:06:10,655 - AUDIT - {"timestamp": "2026-09-12T16:06:10.655259", "action": "PRODUCT_UPDATED", "user_id": 14, "details": {"product_id": 4, "owner_id": 14, "edited_by_admin": false}, "ip_address": null}
2026-09-12 16:06:10,655 - AUDIT - {"timestamp": "2026-09-12T16:06:10.655259", "action": "PRODUCT_UPDATED", "user_id": 14, "details": {"product_id": 4, "owner_id": 14, "edited_by_admin": false}, "ip_address": null}
2026-09-12 16:06:10,655 - AUDIT - {"timestamp": "2026-09-12T16:06:10.655259", "action": "PRODUCT_UPDATED", "user_id": 14, "details": {"product_id": 4, "owner_id": 14, "edited_by_admin": false}, "ip_address": null}
2026-09-12 16:06:10,655 - AUDIT - {"timestamp": "2026-09-12T16:06:10.655259", "action": "PRODUCT_UPDATED", "user_id": 14, "details": {"product_id": 4, "owner_id": 14, "edited_by_admin": false}, "ip_address": null}
2026-09-12 16:06:10,655 - AUDIT - {"timestamp": "2026-09-12T16:06:10.655259", "action": "PRODUCT_UPDATED", "user_id": 14, "details": {"product_id": 4, "owner_id": 14, "edited_by_admin": false}, "ip_address": null}
2026-09-12 16:06:10,655 - AUDIT - {"timestamp": "2026-09-12T16:06:10.655259", "action": "PRODUCT_UPDATED", "user_id": 14, "details": {"product_id": 4, "owner_id": 14, "edited_by_admin": false}, "ip_address": null}
2026-09-12 16:06:20,880 - AUDIT - {"timestamp": "2026-09-12T16:06:20.880018", "action": "PRODUCT_REMOVED", "user_id": 14, "details": {"product_id": 4, "owner_id": 14, "removed_by_admin": false}, "ip_address": null}
2026-09-12 16:06:20,880 - AUDIT - {"timestamp": "2026-09-12T16:06:20.880018", "action": "PRODUCT_REMOVED", "user_id": 14, "details": {"product_id": 4, "owner_id": 14, "removed_by_admin": false}, "ip_address": null}
2026-09-12 16:06:20,880 - AUDIT - {"timestamp": "2026-09-12T16:06:20.880018", "action": "PRODUCT_REMOVED", "user_id": 14, "details": {"product_id": 4, "owner_id": 14, "removed_by_admin": false}, "ip_address": null}
2026-09-12 16:06:20,880 - AUDIT - {"timestamp": "2026-09-12T16:06:20.880018", "action": "PRODUCT_REMOVED", "user_id": 14, "details": {"product_id": 4, "owner_id": 14, "removed_by_admin": false}, "ip_address": null}
2026-09-12 16:06:20,880 - AUDIT - {"timestamp": "2026-09-12T16:06:20.880018", "action": "PRODUCT_REMOVED", "user_id": 14, "details": {"product_id": 4, "owner_id": 14, "removed_by_admin": false}, "ip_address": null}
2026-09-12 16:06:20,880 - AUDIT - {"timestamp": "2026-09-12T16:06:20.880018", "action": "PRODUCT_REMOVED", "user_id": 14, "details": {"product_id": 4, "owner_id": 14, "removed_by_admin": false}, "ip_address": null}
2026-09-12 16:06:20,880 - AUDIT - {"timestamp": "2026-09-12T16:06:20.880018", "action": "PRODUCT_REMOVED", "user_id": 14, "details": {"product_id": 4, "owner_id": 14, "removed_by_admin": false}, "ip_address": null}
2026-09-12 16:06:20,880 - AUDIT - {"timestamp": "2026-09-12T16:06:20.880018", "action": "PRODUCT_REMOVED", "user_id": 14, "details": {"product_id": 4, "owner_id": 14, "removed_by_admin": false}, "ip_address": null}
2026-09-12 16:07:28,829 - AUDIT - {"timestamp": "2026-09-12T16:07:28.829727", "action": "START_ADMIN_PANEL_ACCESS", "user_id": 14, "details": {}, "ip_address": null}
2026-09-12 16:07:28,829 - AUDIT - {"timestamp": "2026-09-12T16:07:28.829727", "action": "START_ADMIN_PANEL_ACCESS", "user_id": 14, "details": {}, "ip_address": null}
2026-09-12 16:07:28,829 - AUDIT - {"timestamp": "2026-09-12T16:07:28.829727", "action": "START_ADMIN_PANEL_ACCESS", "user_id": 14, "details": {}, "ip_address": null}
2026-09-12 16:07:28,829 - AUDIT - {"timestamp": "2026-09-12T16:07:28.829727", "action": "START_ADMIN_PANEL_ACCESS", "user_id": 14, "details": {}, "ip_address": null}
2026-09-12 16:07:28,829 - AUDIT - {"timestamp": "2026-09-12T16:07:28.829727", "action": "START_ADMIN_PANEL_ACCESS", "user_id": 14, "details": {}, "ip_address": null}
2026-09-12 16:07:28,829 - AUDIT - {"timestamp": "2026-09-12T16:07:28.829727", "action": "START_ADMIN_PANEL_ACCESS", "user_id": 14, "details": {}, "ip_address": null}
2026-09-12 16:07:28,829 - AUDIT - {"timestamp": "2026-09-12T16:07:28.829727", "action": "START_ADMIN_PANEL_ACCESS", "user_id": 14, "details": {}, "ip_address": null}
2026-09-12 16:07:28,829 - AUDIT - {"timestamp": "2026-09-12T16:07:28.829727", "action": "START_ADMIN_PANEL_ACCESS", "user_id": 14, "details": {}, "ip_address": null}
2026-09-12 16:07:28,829 - AUDIT - {"timestamp": "2026-09-12T16:07:28.829727", "action": "START_ADMIN_PANEL_ACCESS", "user_id": 14, "details": {}, "ip_address": null}
2026-09-12 16:07:28,889 - AUDIT - {"timestamp": "2026-09-12T16:07:28.889935", "action": "SUCCESS_ADMIN_PANEL_ACCESS", "user_id": 14, "details": {}, "ip_address": null}
2026-09-12 16:07:28,889 - AUDIT - {"timestamp": "2026-09-12T16:07:28.889935", "action": "SUCCESS_ADMIN_PANEL_ACCESS", "user_id": 14, "details": {}, "ip_address": null}
2026-09-12 16:07:28,889 - AUDIT - {"timestamp": "2026-09-12T16:07:28.889935", "action": "SUCCESS_ADMIN_PANEL_ACCESS", "user_id": 14, "details": {}, "ip_address": null}
2026-09-12 16:07:28,889 - AUDIT - {"timestamp": "2026-09-12T16:07:28.889935", "action": "SUCCESS_ADMIN_PANEL_ACCESS", "user_id": 14, "details": {}, "ip_address": null}
2026-09-12 16:07:28,889 - AUDIT - {"timestamp": "2026-09-12T16:07:28.889935", "action": "SUCCESS_ADMIN_PANEL_ACCESS", "user_id": 14, "details": {}, "ip_address": null}
2026-09-12 16:07:28,889 - AUDIT - {"timestamp": "2026-09-12T16:07:28.889935", "action": "SUCCESS_ADMIN_PANEL_ACCESS", "user_id": 14, "details": {}, "ip_address": null}
2026-09-12 16:07:28,889 - AUDIT - {"timestamp": "2026-09-12T16:07:28.889935", "action": "SUCCESS_ADMIN_PANEL_ACCESS", "user_id": 14, "details": {}, "ip_address": null}
2026-09-12 16:07:28,889 - AUDIT - {"timestamp": "2026-09-12T16:07:28.889935", "action": "SUCCESS_ADMIN_PANEL_ACCESS", "user_id": 14, "details": {}, "ip_address": null}
2026-09-12 16:07:28,889 - AUDIT - {"timestamp": "2026-09-12T16:07:28.889935", "action": "SUCCESS_ADMIN_PANEL_ACCESS", "user_id": 14, "details": {}, "ip_address": null}
2026-09-12 16:07:45,086 - AUDIT - {"timestamp": "2026-09-12T16:07:45.086653", "action": "START_ADMIN_PANEL_ACCESS", "user_id": 14, "details": {}, "ip_address": null}
2026-09-12 16:07:45,086 - AUDIT - {"timestamp": "2026-09-12T16:07:45.086653", "action": "START_ADMIN_PANEL_ACCESS", "user_id": 14, "details": {}, "ip_address": null}
2026-09-12 16:07:45,086 - AUDIT - {"timestamp": "2026-09-12T16:07:45.086653", "action": "START_ADMIN_PANEL_ACCESS", "user_id": 14, "details": {}, "ip_address": null}
2026-09-12 16:07:45,086 - AUDIT - {"timestamp": "2026-09-12T16:07:45.086653", "action": "START_ADMIN_PANEL_ACCESS", "user_id": 14, "details": {}, "ip_address": null}
2026-09-12 16:07:45,086 - AUDIT - {"timestamp": "2026-09-12T16:07:45.086653", "action": "START_ADMIN_PANEL_ACCESS", "user_id": 14, "details": {}, "ip_address": null}
2026-09-12 16:07:45,086 - AUDIT - {"timestamp": "2026-09-12T16:07:45.086653", "action": "START_ADMIN_PANEL_ACCESS", "user_id": 14, "details": {}, "ip_address": null}
2026-09-12 16:07:45,086 - AUDIT - {"timestamp": "2026-09-12T16:07:45.086653", "action": "START_ADMIN_PANEL_ACCESS", "user_id": 14, "details": {}, "ip_address": null}
2026-09-12 16:07:45,086 - AUDIT - {"timestamp": "2026-09-12T16:07:45.086653", "action": "START_ADMIN_PANEL_ACCESS", "user_id": 14, "details": {}, "ip_address": null}
2026-09-12 16:07:45,086 - AUDIT - {"timestamp": "2026-09-12T16:07:45.086653", "action": "START_ADMIN_PANEL_ACCESS", "user_id": 14, "details": {}, "ip_address": null}
2026-09-12 16:07:45,086 - AUDIT - {"timestamp": "2026-09-12T16:07:45.086653", "action": "START_ADMIN_PANEL_ACCESS", "user_id": 14, "details": {}, "ip_address": null}
2026-09-12 16:07:45,091 - AUDIT - {"timestamp": "2026-09-12T16:07:45.091596", "action": "SUCCESS_ADMIN_PANEL_ACCESS", "user_id": 14, "details": {}, "ip_address": null}
2026-09-12 16:07:45,091 - AUDIT - {"timestamp": "2026-09-12T16:07:45.091596", "action": "SUCCESS_ADMIN_PANEL_ACCESS", "user_id": 14, "details": {}, "ip_address": null}
2026-09-12 16:07:45,091 - AUDIT - {"timestamp": "2026-09-12T16:07:45.091596", "action": "SUCCESS_ADMIN_PANEL_ACCESS", "user_id": 14, "details": {}, "ip_address": null}
2026-09-12 16:07:45,091 - AUDIT - {"timestamp": "2026-09-12T16:07:45.091596", "action": "SUCCESS_ADMIN_PANEL_ACCESS", "user_id": 14, "details": {}, "ip_address": null}
2026-09-12 16:07:45,091 - AUDIT - {"timestamp": "2026-09-12T16:07:45.091596", "action": "SUCCESS_ADMIN_PANEL_ACCESS", "user_id": 14, "details": {}, "ip_address": null}
2026-09-12 16:07:45,091 - AUDIT - {"timestamp": "2026-09-12T16:07:45.091596", "action": "SUCCESS_ADMIN_PANEL_ACCESS", "user_id": 14, "details": {}, "ip_address": null}
2026-09-12 16:07:45,091 - AUDIT - {"timestamp": "2026-09-12T16:07:45.091596", "action": "SUCCESS_ADMIN_PANEL_ACCESS", "user_id": 14, "details": {}, "ip_address": null}
2026-09-12 16:07:45,091 - AUDIT - {"timestamp": "2026-09-12T16:07:45.091596", "action": "SUCCESS_ADMIN_PANEL_ACCESS", "user_id": 14, "details": {}, "ip_address": null}
2026-09-12 16:07:45,091 - AUDIT - {"timestamp": "2026-09-12T16:07:45.091596", "action": "SUCCESS_ADMIN_PANEL_ACCESS", "user_id": 14, "details": {}, "ip_address": null}
2026-09-12 16:07:45,091 - AUDIT - {"timestamp": "2026-09-12T16:07:45.091596", "action": "SUCCESS_ADMIN_PANEL_ACCESS", "user_id": 14, "details": {}, "ip_address": null}
2026-09-12 16:09:18,210 - AUDIT - {"timestamp": "2026-09-12T16:09:18.210212", "action": "START_ADMIN_PANEL_ACCESS", "user_id": 14, "details": {}, "ip_address": null}
2026-09-12 16:09:18,210 - AUDIT - {"timestamp": "2026-09-12T16:09:18.210212", "action": "START_ADMIN_PANEL_ACCESS", "user_id": 14, "details": {}, "ip_address": null}
2026-09-12 16:09:18,210 - AUDIT - {"timestamp": "2026-09-12T16:09:18.210212", "action": "START_ADMIN_PANEL_ACCESS", "user_id": 14, "details": {}, "ip_address": null}
2026-09-12 16:09:18,210 - AUDIT - {"timestamp": "2026-09-12T16:09:18.210212", "action": "START_ADMIN_PANEL_ACCESS", "user_id": 14, "details": {}, "ip_address": null}
2026-09-12 16:09:18,210 - AUDIT - {"timestamp": "2026-09-12T16:09:18.210212", "action": "START_ADMIN_PANEL_ACCESS", "user_id": 14, "details": {}, "ip_address": null}
2026-09-12 16:09:18,210 - AUDIT - {"timestamp": "2026-09-12T16:09:18.210212", "action": "START_ADMIN_PANEL_ACCESS", "user_id": 14, "details": {}, "ip_address": null}
2026-09-12 16:09:18,210 - AUDIT - {"timestamp": "2026-09-12T16:09:18.210212", "action": "START_ADMIN_PANEL_ACCESS", "user_id": 14, "details": {}, "ip_address": null}
2026-09-12 16:09:18,210 - AUDIT - {"timestamp": "2026-09-12T16:09:18.210212", "action": "START_ADMIN_PANEL_ACCESS", "user_id": 14, "details": {}, "ip_address": null}
2026-09-12 16:09:18,210 - AUDIT - {"timestamp": "2026-09-12T16:09:18.210212", "action": "START_ADMIN_PANEL_ACCESS", "user_id": 14, "details": {}, "ip_address": null}
2026-09-12 16:09:18,210 - AUDIT - {"timestamp": "2026-09-12T16:09:18.210212", "action": "START_ADMIN_PANEL_ACCESS", "user_id": 14, "details": {}, "ip_address": null}
2026-09-12 16:09:18,210 - AUDIT - {"timestamp": "2026-09-12T16:09:18.210212", "action": "START_ADMIN_PANEL_ACCESS", "user_id": 14, "details": {}, "ip_address": null}
2026-09-12 16:09:18,216 - AUDIT - {"timestamp": "2026-09-12T16:09:18.216101", "action": "SUCCESS_ADMIN_PANEL_ACCESS", "user_id": 14, "details": {}, "ip_address": null}
2026-09-12 16:09:18,216 - AUDIT - {"timestamp": "2026-09-12T16:09:18.216101", "action": "SUCCESS_ADMIN_PANEL_ACCESS", "user_id": 14, "details": {}, "ip_address": null}
2026-09-12 16:09:18,216 - AUDIT - {"timestamp": "2026-09-12T16:09:18.216101", "action": "SUCCESS_ADMIN_PANEL_ACCESS", "user_id": 14, "details": {}, "ip_address": null}
2026-09-12 16:09:18,216 - AUDIT - {"timestamp": "2026-09-12T16:09:18.216101", "action": "SUCCESS_ADMIN_PANEL_ACCESS", "user_id": 14, "details": {}, "ip_address": null}
2026-09-12 16:09:18,216 - AUDIT - {"timestamp": "2026-09-12T16:09:18.216101", "action": "SUCCESS_ADMIN_PANEL_ACCESS", "user_id": 14, "details": {}, "ip_address": null}
2026-09-12 16:09:18,216 - AUDIT - {"timestamp": "2026-09-12T16:09:18.216101", "action": "SUCCESS_ADMIN_PANEL_ACCESS", "user_id": 14, "details": {}, "ip_address": null}
2026-09-12 16:09:18,216 - AUDIT - {"timestamp": "2026-09-12T16:09:18.216101", "action": "SUCCESS_ADMIN_PANEL_ACCESS", "user_id": 14, "details": {}, "ip_address": null}
2026-09-12 16:09:18,216 - AUDIT - {"timestamp": "2026-09-12T16:09:18.216101", "action": "SUCCESS_ADMIN_PANEL_ACCESS", "user_id": 14, "details": {}, "ip_address": null}
2026-09-12 16:09:18,216 - AUDIT - {"timestamp": "2026-09-12T16:09:18.216101", "action": "SUCCESS_ADMIN_PANEL_ACCESS", "user_id": 14, "details": {}, "ip_address": null}
2026-09-12 16:09:18,216 - AUDIT - {"timestamp": "2026-09-12T16:09:18.216101", "action": "SUCCESS_ADMIN_PANEL_ACCESS", "user_id": 14, "details": {}, "ip_address": null}
2026-09-12 16:09:18,216 - AUDIT - {"timestamp": "2026-09-12T16:09:18.216101", "action": "SUCCESS_ADMIN_PANEL_ACCESS", "user_id": 14, "details": {}, "ip_address": null}
2026-09-12 16:11:26,433 - AUDIT - {"timestamp": "2026-09-12T16:11:26.433744", "action": "START_ADMIN_PANEL_ACCESS", "user_id": 14, "details": {}, "ip_address": null}
2026-09-12 16:11:26,433 - AUDIT - {"timestamp": "2026-09-12T16:11:26.433744", "action": "START_ADMIN_PANEL_ACCESS", "user_id": 14, "details": {}, "ip_address": null}
2026-09-12 16:11:26,433 - AUDIT - {"timestamp": "2026-09-12T16:11:26.433744", "action": "START_ADMIN_PANEL_ACCESS", "user_id": 14, "details": {}, "ip_address": null}
2026-09-12 16:11:26,433 - AUDIT - {"timestamp": "2026-09-12T16:11:26.433744", "action": "START_ADMIN_PANEL_ACCESS", "user_id": 14, "details": {}, "ip_address": null}
2026-09-12 16:11:26,433 - AUDIT - {"timestamp": "2026-09-12T16:11:26.433744", "action": "START_ADMIN_PANEL_ACCESS", "user_id": 14, "details": {}, "ip_address": null}
2026-09-12 16:11:26,433 - AUDIT - {"timestamp": "2026-09-12T16:11:26.433744", "action": "START_ADMIN_PANEL_ACCESS", "user_id": 14, "details": {}, "ip_address": null}
2026-09-12 16:11:26,433 - AUDIT - {"timestamp": "2026-09-12T16:11:26.433744", "action": "START_ADMIN_PANEL_ACCESS", "user_id": 14, "details": {}, "ip_address": null}
2026-09-12 16:11:26,433 - AUDIT - {"timestamp": "2026-09-12T16:11:26.433744", "action": "START_ADMIN_PANEL_ACCESS", "user_id": 14, "details": {}, "ip_address": null}
2026-09-12 16:11:26,433 - AUDIT - {"timestamp": "2026-09-12T16:11:26.433744", "action": "START_ADMIN_PANEL_ACCESS", "user_id": 14, "details": {}, "ip_address": null}
2026-09-12 16:11:26,433 - AUDIT - {"timestamp": "2026-09-12T16:11:26.433744", "action": "START_ADMIN_PANEL_ACCESS", "user_id": 14, "details": {}, "ip_address": null}
2026-09-12 16:11:26,433 - AUDIT - {"timestamp": "2026-09-12T16:11:26.433744", "action": "START_ADMIN_PANEL_ACCESS", "user_id": 14, "details": {}, "ip_address": null}
2026-09-12 16:11:26,433 - AUDIT - {"timestamp": "2026-09-12T16:11:26.433744", "action": "START_ADMIN_PANEL_ACCESS", "user_id": 14, "details": {}, "ip_address": null}
2026-09-12 16:11:26,440 - AUDIT - {"timestamp": "2026-09-12T16:11:26.440180", "action": "SUCCESS_ADMIN_PANEL_ACCESS", "user_id": 14, "details": {}, "ip_address": null}
2026-09-12 16:11:26,440 - AUDIT - {"timestamp": "2026-09-12T16:11:26.440180", "action": "SUCCESS_ADMIN_PANEL_ACCESS", "user_id": 14, "details": {}, "ip_address": null}
2026-09-12 16:11:26,440 - AUDIT - {"timestamp": "2026-09-12T16:11:26.440180", "action": "SUCCESS_ADMIN_PANEL_ACCESS", "user_id": 14, "details": {}, "ip_address": null}
2026-09-12 16:11:26,440 - AUDIT - {"timestamp": "2026-09-12T16:11:26.440180", "action": "SUCCESS_ADMIN_PANEL_ACCESS", "user_id": 14, "details": {}, "ip_address": null}
2026-09-12 16:11:26,440 - AUDIT - {"timestamp": "2026-09-12T16:11:26.440180", "action": "SUCCESS_ADMIN_PANEL_ACCESS", "user_id": 14, "details": {}, "ip_address": null}
2026-09-12 16:11:26,440 - AUDIT - {"timestamp": "2026-09-12T16:11:26.440180", "action": "SUCCESS_ADMIN_PANEL_ACCESS", "user_id": 14, "details": {}, "ip_address": null}
2026-09-12 16:11:26,440 - AUDIT - {"timestamp": "2026-09-12T16:11:26.440180", "action": "SUCCESS_ADMIN_PANEL_ACCESS", "user_id": 14, "details": {}, "ip_address": null}
2026-09-12 16:11:26,440 - AUDIT - {"timestamp": "2026-09-12T16:11:26.440180", "action": "SUCCESS_ADMIN_PANEL_ACCESS", "user_id": 14, "details": {}, "ip_address": null}
2026-09-12 16:11:26,440 - AUDIT - {"timestamp": "2026-09-12T16:11:26.440180", "action": "SUCCESS_ADMIN_PANEL_ACCESS", "user_id": 14, "details": {}, "ip_address": null}
2026-09-12 16:11:26,440 - AUDIT - {"timestamp": "2026-09-12T16:11:26.440180", "action": "SUCCESS_ADMIN_PANEL_ACCESS", "user_id": 14, "details": {}, "ip_address": null}
2026-09-12 16:11:26,440 - AUDIT - {"timestamp": "2026-09-12T16:11:26.440180", "action": "SUCCESS_ADMIN_PANEL_ACCESS", "user_id": 14, "details": {}, "ip_address": null}
2026-09-12 16:11:26,440 - AUDIT - {"timestamp": "2026-09-12T16:11:26.440180", "action": "SUCCESS_ADMIN_PANEL_ACCESS", "user_id": 14, "details": {}, "ip_address": null}
2026-09-12 16:14:16,025 - AUDIT - {"timestamp": "2026-09-12T16:14:16.025877", "action": "START_ADMIN_PANEL_ACCESS", "user_id": null, "details": {}, "ip_address": null}
2026-09-12 16:14:16,088 - AUDIT - {"timestamp": "2026-09-12T16:14:16.088494", "action": "SUCCESS_ADMIN_PANEL_ACCESS", "user_id": null, "details": {}, "ip_address": null}
2026-09-12 16:15:15,142 - AUDIT - {"timestamp": "2026-09-12T16:15:15.142537", "action": "START_ADMIN_PANEL_ACCESS", "user_id": 14, "details": {}, "ip_address": null}
2026-09-12 16:15:15,142 - AUDIT - {"timestamp": "2026-09-12T16:15:15.142537", "action": "START_ADMIN_PANEL_ACCESS", "user_id": 14, "details": {}, "ip_address": null}
2026-09-12 16:15:15,228 - AUDIT - {"timestamp": "2026-09-12T16:15:15.228281", "action": "SUCCESS_ADMIN_PANEL_ACCESS", "user_id": 14, "details": {}, "ip_address": null}
2026-09-12 16:15:15,228 - AUDIT - {"timestamp": "2026-09-12T16:15:15.228281", "action": "SUCCESS_ADMIN_PANEL_ACCESS", "user_id": 14, "details": {}, "ip_address": null}
2026-09-12 16:15:15,702 - AUDIT - {"timestamp": "2026-09-12T16:15:15.702724", "action": "START_ADMIN_PANEL_ACCESS", "user_id": 14, "details": {}, "ip_address": null}
2026-09-12 16:15:15,702 - AUDIT - {"timestamp": "2026-09-12T16:15:15.702724", "action": "START_ADMIN_PANEL_ACCESS", "user_id": 14, "details": {}, "ip_address": null}
2026-09-12 16:15:15,702 - AUDIT - {"timestamp": "2026-09-12T16:15:15.702724", "action": "START_ADMIN_PANEL_ACCESS", "user_id": 14, "details": {}, "ip_address": null}
2026-09-12 16:15:15,708 - AUDIT - {"timestamp": "2026-09-12T16:15:15.708697", "action": "SUCCESS_ADMIN_PANEL_ACCESS", "user_id": 14, "details": {}, "ip_address": null}
2026-09-12 16:15:15,708 - AUDIT - {"timestamp": "2026-09-12T16:15:15.708697", "action": "SUCCESS_ADMIN_PANEL_ACCESS", "user_id": 14, "details": {}, "ip_address": null}
2026-09-12 16:15:15,708 - AUDIT - {"timestamp": "2026-09-12T16:15:15.708697", "action": "SUCCESS_ADMIN_PANEL_ACCESS", "user_id": 14, "details": {}, "ip_address": null}
2026-09-12 16:16:01,465 - AUDIT - {"timestamp": "2026-09-12T16:16:01.465250", "action": "START_ADMIN_PANEL_ACCESS", "user_id": 14, "details": {}, "ip_address": null}
2026-09-12 16:16:01,465 - AUDIT - {"timestamp": "2026-09-12T16:16:01.465250", "action": "START_ADMIN_PANEL_ACCESS", "user_id": 14, "details": {}, "ip_address": null}
2026-09-12 16:16:01,465 - AUDIT - {"timestamp": "2026-09-12T16:16:01.465250", "action": "START_ADMIN_PANEL_ACCESS", "user_id": 14, "details": {}, "ip_address": null}
2026-09-12 16:16:01,465 - AUDIT - {"timestamp": "2026-09-12T16:16:01.465250", "action": "START_ADMIN_PANEL_ACCESS", "user_id": 14, "details": {}, "ip_address": null}
2026-09-12 16:16:01,471 - AUDIT - {"timestamp": "2026-09-12T16:16:01.471650", "action": "SUCCESS_ADMIN_PANEL_ACCESS", "user_id": 14, "details": {}, "ip_address": null}
2026-09-12 16:16:01,471 - AUDIT - {"timestamp": "2026-09-12T16:16:01.471650", "action": "SUCCESS_ADMIN_PANEL_ACCESS", "user_id": 14, "details": {}, "ip_address": null}
2026-09-12 16:16:01,471 - AUDIT - {"timestamp": "2026-09-12T16:16:01.471650", "action": "SUCCESS_ADMIN_PANEL_ACCESS", "user_id": 14, "details": {}, "ip_address": null}
2026-09-12 16:16:01,471 - AUDIT - {"timestamp": "2026-09-12T16:16:01.471650", "action": "SUCCESS_ADMIN_PANEL_ACCESS", "user_id": 14, "details": {}, "ip_address": null}
2026-09-12 16:16:38,290 - AUDIT - {"timestamp": "2026-09-12T16:16:38.290598", "action": "START_ADMIN_PANEL_ACCESS", "user_id": 14, "details": {}, "ip_address": null}
2026-09-12 16:16:38,290 - AUDIT - {"timestamp": "2026-09-12T16:16:38.290598", "action": "START_ADMIN_PANEL_ACCESS", "user_id": 14, "details": {}, "ip_address": null}
2026-09-12 16:16:38,290 - AUDIT - {"timestamp": "2026-09-12T16:16:38.290598", "action": "START_ADMIN_PANEL_ACCESS", "user_id": 14, "details": {}, "ip_address": null}
2026-09-12 16:16:38,290 - AUDIT - {"timestamp": "2026-09-12T16:16:38.290598", "action": "START_ADMIN_PANEL_ACCESS", "user_id": 14, "details": {}, "ip_address": null}
2026-09-12 16:16:38,290 - AUDIT - {"timestamp": "2026-09-12T16:16:38.290598", "action": "START_ADMIN_PANEL_ACCESS", "user_id": 14, "details": {}, "ip_address": null}
2026-09-12 16:16:38,295 - AUDIT - {"timestamp": "2026-09-12T16:16:38.295630", "action": "SUCCESS_ADMIN_PANEL_ACCESS", "user_id": 14, "details": {}, "ip_address": null}
2026-09-12 16:16:38,295 - AUDIT - {"timestamp": "2026-09-12T16:16:38.295630", "action": "SUCCESS_ADMIN_PANEL_ACCESS", "user_id": 14, "details": {}, "ip_address": null}
2026-09-12 16:16:38,295 - AUDIT - {"timestamp": "2026-09-12T16:16:38.295630", "action": "SUCCESS_ADMIN_PANEL_ACCESS", "user_id": 14, "details": {}, "ip_address": null}
2026-09-12 16:16:38,295 - AUDIT - {"timestamp": "2026-09-12T16:16:38.295630", "action": "SUCCESS_ADMIN_PANEL_ACCESS", "user_id": 14, "details": {}, "ip_address": null}
2026-09-12 16:16:38,295 - AUDIT - {"timestamp": "2026-09-12T16:16:38.295630", "action": "SUCCESS_ADMIN_PANEL_ACCESS", "user_id": 14, "details": {}, "ip_address": null}
2026-09-12 16:17:11,226 - AUDIT - {"timestamp": "2026-09-12T16:17:11.226065", "action": "START_ADMIN_PANEL_ACCESS", "user_id": 14, "details": {}, "ip_address": null}
2026-09-12 16:17:11,226 - AUDIT - {"timestamp": "2026-09-12T16:17:11.226065", "action": "START_ADMIN_PANEL_ACCESS", "user_id": 14, "details": {}, "ip_address": null}
2026-09-12 16:17:11,226 - AUDIT - {"timestamp": "2026-09-12T16:17:11.226065", "action": "START_ADMIN_PANEL_ACCESS", "user_id": 14, "details": {}, "ip_address": null}
2026-09-12 16:17:11,226 - AUDIT - {"timestamp": "2026-09-12T16:17:11.226065", "action": "START_ADMIN_PANEL_ACCESS", "user_id": 14, "details": {}, "ip_address": null}
2026-09-12 16:17:11,226 - AUDIT - {"timestamp": "2026-09-12T16:17:11.226065", "action": "START_ADMIN_PANEL_ACCESS", "user_id": 14, "details": {}, "ip_address": null}
2026-09-12 16:17:11,226 - AUDIT - {"timestamp": "2026-09-12T16:17:11.226065", "action": "START_ADMIN_PANEL_ACCESS", "user_id": 14, "details": {}, "ip_address": null}
2026-09-12 16:17:11,237 - AUDIT - {"timestamp": "2026-09-12T16:17:11.237776", "action": "SUCCESS_ADMIN_PANEL_ACCESS", "user_id": 14, "details": {}, "ip_address": null}
2026-09-12 16:17:11,237 - AUDIT - {"timestamp": "2026-09-12T16:17:11.237776", "action": "SUCCESS_ADMIN_PANEL_ACCESS", "user_id": 14, "details": {}, "ip_address": null}
2026-09-12 16:17:11,237 - AUDIT - {"timestamp": "2026-09-12T16:17:11.237776", "action": "SUCCESS_ADMIN_PANEL_ACCESS", "user_id": 14, "details": {}, "ip_address": null}
2026-09-12 16:17:11,237 - AUDIT - {"timestamp": "2026-09-12T16:17:11.237776", "action": "SUCCESS_ADMIN_PANEL_ACCESS", "user_id": 14, "details": {}, "ip_address": null}
2026-09-12 16:17:11,237 - AUDIT - {"timestamp": "2026-09-12T16:17:11.237776", "action": "SUCCESS_ADMIN_PANEL_ACCESS", "user_id": 14, "details": {}, "ip_address": null}
2026-09-12 16:17:11,237 - AUDIT - {"timestamp": "2026-09-12T16:17:11.237776", "action": "SUCCESS_ADMIN_PANEL_ACCESS", "user_id": 14, "details": {}, "ip_address": null}
2026-09-12 16:21:30,841 - AUDIT - {"timestamp": "2026-09-12T16:21:30.841434", "action": "START_ADMIN_PANEL_ACCESS", "user_id": null, "details": {}, "ip_address": null}
2026-09-12 16:21:30,903 - AUDIT - {"timestamp": "2026-09-12T16:21:30.903380", "action": "SUCCESS_ADMIN_PANEL_ACCESS", "user_id": null, "details": {}, "ip_address": null}
2026-09-12 16:21:30,914 - AUDIT - {"timestamp": "2026-09-12T16:21:30.914145", "action": "BULK_PREMIUM_ACTIVATION", "user_id": null, "details": {"requested_user_ids": ["15"], "updated_count": 1}, "ip_address": null}
2026-09-12 16:21:30,925 - AUDIT - {"timestamp": "2026-09-12T16:21:30.925318", "action": "BULK_PREMIUM_DEACTIVATION", "user_id": null, "details": {"requested_user_ids": ["15", "16"], "updated_count": 2}, "ip_address": null}
2026-09-12 16:24:55,074 - AUDIT - {"timestamp": "2026-09-12T16:24:55.074642", "action": "START_ADMIN_PANEL_ACCESS", "user_id": null, "details": {}, "ip_address": null}
2026-09-12 16:24:55,074 - AUDIT - {"timestamp": "2026-09-12T16:24:55.074642", "action": "START_ADMIN_PANEL_ACCESS", "user_id": null, "details": {}, "ip_address": null}
2026-09-12 16:24:55,132 - AUDIT - {"timestamp": "2026-09-12T16:24:55.132278", "action": "SUCCESS_ADMIN_PANEL_ACCESS", "user_id": null, "details": {}, "ip_address": null}
2026-09-12 16:24:55,132 - AUDIT - {"timestamp": "2026-09-12T16:24:55.132278", "action": "SUCCESS_ADMIN_PANEL_ACCESS", "user_id": null, "details": {}, "ip_address": null}
2026-09-12 16:30:04,809 - AUDIT - {"timestamp": "2026-09-12T16:30:04.809300", "action": "START_ADMIN_PANEL_ACCESS", "user_id": null, "details": {}, "ip_address": null}
2026-09-12 16:30:04,809 - AUDIT - {"timestamp": "2026-09-12T16:30:04.809300", "action": "START_ADMIN_PANEL_ACCESS", "user_id": null, "details": {}, "ip_address": null}
2026-09-12 16:30:04,860 - AUDIT - {"timestamp": "2026-09-12T16:30:04.860764", "action": "SUCCESS_ADMIN_PANEL_ACCESS", "user_id": null, "details": {}, "ip_address": null}
2026-09-12 16:30:04,860 - AUDIT - {"timestamp": "2026-09-12T16:30:04.860764", "action": "SUCCESS_ADMIN_PANEL_ACCESS", "user_id": null, "details": {}, "ip_address": null}
2026-09-12 16:31:49,658 - AUDIT - {"timestamp": "2026-09-12T16:31:49.658228", "action": "START_ADMIN_PANEL_ACCESS", "user_id": null, "details": {}, "ip_address": null}
2026-09-12 16:31:49,658 - AUDIT - {"timestamp": "2026-09-12T16:31:49.658228", "action": "START_ADMIN_PANEL_ACCESS", "user_id": null, "details": {}, "ip_address": null}
2026-09-12 16:31:49,658 - AUDIT - {"timestamp": "2026-09-12T16:31:49.658228", "action": "START_ADMIN_PANEL_ACCESS", "user_id": null, "details": {}, "ip_address": null}
2026-09-12 16:31:49,663 - AUDIT - {"timestamp": "2026-09-12T16:31:49.663343", "action": "SUCCESS_ADMIN_PANEL_ACCESS", "user_id": null, "details": {}, "ip_address": null}
2026-09-12 16:31:49,663 - AUDIT - {"timestamp": "2026-09-12T16:31:49.663343", "action": "SUCCESS_ADMIN_PANEL_ACCESS", "user_id": null, "details": {}, "ip_address": null}
2026-09-12 16:31:49,663 - AUDIT - {"timestamp": "2026-09-12T16:31:49.663343", "action": "SUCCESS_ADMIN_PANEL_ACCESS", "user_id": null, "details": {}, "ip_address": null}
2026-09-12 16:32:36,891 - AUDIT - {"timestamp": "2026-09-12T16:32:36.891148", "action": "START_ADMIN_PANEL_ACCESS", "user_id": null, "details": {}, "ip_address": null}
2026-09-12 16:32:36,891 - AUDIT - {"timestamp": "2026-09-12T16:32:36.891148", "action": "START_ADMIN_PANEL_ACCESS", "user_id": null, "details": {}, "ip_address": null}
2026-09-12 16:32:36,891 - AUDIT - {"timestamp": "2026-09-12T16:32:36.891148", "action": "START_ADMIN_PANEL_ACCESS", "user_id": null, "details": {}, "ip_address": null}
2026-09-12 16:32:36,891 - AUDIT - {"timestamp": "2026-09-12T16:32:36.891148", "action": "START_ADMIN_PANEL_ACCESS", "user_id": null, "details": {}, "ip_address": null}
2026-09-12 16:32:36,895 - AUDIT - {"timestamp": "2026-09-12T16:32:36.895703", "action": "SUCCESS_ADMIN_PANEL_ACCESS", "user_id": null, "details": {}, "ip_address": null}
2026-09-12 16:32:36,895 - AUDIT - {"timestamp": "2026-09-12T16:32:36.895703", "action": "SUCCESS_ADMIN_PANEL_ACCESS", "user_id": null, "details": {}, "ip_address": null}
2026-09-12 16:32:36,895 - AUDIT - {"timestamp": "2026-09-12T16:32:36.895703", "action": "SUCCESS_ADMIN_PANEL_ACCESS", "user_id": null, "details": {}, "ip_address": null}
2026-09-12 16:32:36,895 - AUDIT - {"timestamp": "2026-09-12T16:32:36.895703", "action": "SUCCESS_ADMIN_PANEL_ACCESS", "user_id": null, "details": {}, "ip_address": null}
2026-09-12 16:32:49,928 - AUDIT - {"timestamp": "2026-09-12T16:32:49.928755", "action": "START_ADMIN_PANEL_ACCESS", "user_id": null, "details": {}, "ip_address": null}
2026-09-12 16:32:49,928 - AUDIT - {"timestamp": "2026-09-12T16:32:49.928755", "action": "START_ADMIN_PANEL_ACCESS", "user_id": null, "details": {}, "ip_address": null}
2026-09-12 16:32:49,928 - AUDIT - {"timestamp": "2026-09-12T16:32:49.928755", "action": "START_ADMIN_PANEL_ACCESS", "user_id": null, "details": {}, "ip_address": null}
2026-09-12 16:32:49,928 - AUDIT - {"timestamp": "2026-09-12T16:32:49.928755", "action": "START_ADMIN_PANEL_ACCESS", "user_id": null, "details": {}, "ip_address": null}
2026-09-12 16:32:49,928 - AUDIT - {"timestamp": "2026-09-12T16:32:49.928755", "action": "START_ADMIN_PANEL_ACCESS", "user_id": null, "details": {}, "ip_address": null}
2026-09-12 16:32:49,934 - AUDIT - {"timestamp": "2026-09-12T16:32:49.934817", "action": "SUCCESS_ADMIN_PANEL_ACCESS", "user_id": null, "details": {}, "ip_address": null}
2026-09-12 16:32:49,934 - AUDIT - {"timestamp": "2026-09-12T16:32:49.934817", "action": "SUCCESS_ADMIN_PANEL_ACCESS", "user_id": null, "details": {}, "ip_address": null}
2026-09-12 16:32:49,934 - AUDIT - {"timestamp": "2026-09-12T16:32:49.934817", "action": "SUCCESS_ADMIN_PANEL_ACCESS", "user_id": null, "details": {}, "ip_address": null}
2026-09-12 16:32:49,934 - AUDIT - {"timestamp": "2026-09-12T16:32:49.934817", "action": "SUCCESS_ADMIN_PANEL_ACCESS", "user_id": null, "details": {}, "ip_address": null}
2026-09-12 16:32:49,934 - AUDIT - {"timestamp": "2026-09-12T16:32:49.934817", "action": "SUCCESS_ADMIN_PANEL_ACCESS", "user_id": null, "details": {}, "ip_address": null}
2026-09-12 16:33:16,209 - AUDIT - {"timestamp": "2026-09-12T16:33:16.209637", "action": "START_ADMIN_PANEL_ACCESS", "user_id": null, "details": {}, "ip_address": null}
2026-09-12 16:33:16,209 - AUDIT - {"timestamp": "2026-09-12T16:33:16.209637", "action": "START_ADMIN_PANEL_ACCESS", "user_id": null, "details": {}, "ip_address": null}
2026-09-12 16:33:16,209 - AUDIT - {"timestamp": "2026-09-12T16:33:16.209637", "action": "START_ADMIN_PANEL_ACCESS", "user_id": null, "details": {}, "ip_address": null}
2026-09-12 16:33:16,209 - AUDIT - {"timestamp": "2026-09-12T16:33:16.209637", "action": "START_ADMIN_PANEL_ACCESS", "user_id": null, "details": {}, "ip_address": null}
2026-09-12 16:33:16,209 - AUDIT - {"timestamp": "2026-09-12T16:33:16.209637", "action": "START_ADMIN_PANEL_ACCESS", "user_id": null, "details": {}, "ip_address": null}
2026-09-12 16:33:16,209 - AUDIT - {"timestamp": "2026-09-12T16:33:16.209637", "action": "START_ADMIN_PANEL_ACCESS", "user_id": null, "details": {}, "ip_address": null}
2026-09-12 16:33:16,214 - AUDIT - {"timestamp": "2026-09-12T16:33:16.214055", "action": "SUCCESS_ADMIN_PANEL_ACCESS", "user_id": null, "details": {}, "ip_address": null}
2026-09-12 16:33:16,214 - AUDIT - {"timestamp": "2026-09-12T16:33:16.214055", "action": "SUCCESS_ADMIN_PANEL_ACCESS", "user_id": null, "details": {}, "ip_address": null}
2026-09-12 16:33:16,214 - AUDIT - {"timestamp": "2026-09-12T16:33:16.214055", "action": "SUCCESS_ADMIN_PANEL_ACCESS", "user_id": null, "details": {}, "ip_address": null}
2026-09-12 16:33:16,214 - AUDIT - {"timestamp": "2026-09-12T16:33:16.214055", "action": "SUCCESS_ADMIN_PANEL_ACCESS", "user_id": null, "details": {}, "ip_address": null}
2026-09-12 16:33:16,214 - AUDIT - {"timestamp": "2026-09-12T16:33:16.214055", "action": "SUCCESS_ADMIN_PANEL_ACCESS", "user_id": null, "details": {}, "ip_address": null}
2026-09-12 16:33:16,214 - AUDIT - {"timestamp": "2026-09-12T16:33:16.214055", "action": "SUCCESS_ADMIN_PANEL_ACCESS", "user_id": null, "details": {}, "ip_address": null}
